f0,f1,f2,f3,f4,f5,f6,f7,f8,f9,f10,f11,f12,f13,f14,f15,f16,f17,f18,f19,f20,f21,f22,f23,f24,f25,f26,f27,f28,f29,f30,f31,f32,f33,f34,f35,f36,f37,f38,f39,f40,f41,f42,label,source_type,source_file,frame_index,auto_label,needs_review,batch_id,scenario,__source_file
0.0,0.0,0.0,0.0,0.0,1.0,0.2935169373575323,0.3804073251230889,-0.1380172569590771,0.493778164229151,0.0,0.0,0.0,0.0,0.0,0.0,0.0059090632279335,0.0,-0.0166673761189881,-0.0317913498661793,0.0,0.0,0.0,0.0,0.0,0.0,0.014759490480535,0.0036835661270065,-0.0414596687198258,-0.0223476822597921,0.0,0.0,0.0,0.0,1.0,0.9911230434428544,0.3466911766965356,0.0,0.0,0.0,0.0,0.0,0.0,EXPLORE,rebalance,g_batchG_table_finances_closeup_360p.mp4,180.0,EXPLORE,0,balanced_A,balanced_auto,balanced_batch_A.csv
1.0,0.0,0.0,0.0,0.0,0.0,0.8621673583984375,0.1065266927083333,0.371875,0.3666666666666666,1.0,0.0,0.0,0.0,0.0,0.0,0.8713682293891907,0.09388671875,-0.36875,0.275,1.0,0.0,0.0,0.0,0.0,0.0,0.684352457523346,0.1061197916666666,-0.321875,-0.3583333333333333,1.0,0.0,0.0,0.0,0.0,0.0,1.0,0.0,0.0,0.0,0.0,0.0,0.0,AVOID_PERSON,real_media,mixkit_table_06.mp4,570.0,AVOID_PERSON,0,balanced_A,occlusion,balanced_batch_A.csv
1.0,0.0,0.0,0.0,0.0,0.0,0.9123515486717224,0.1768880208333333,0.1625,-0.5416666666666666,0.0,0.0,0.0,0.0,0.0,1.0,0.6758474111557007,0.10486328125,-0.1625,-0.0208333333333333,0.0,0.0,0.0,0.0,0.0,1.0,0.6404027938842773,0.1168782552083333,-0.484375,0.5041666666666667,0.0,1.0,0.0,0.0,0.0,1.0,1.0,0.0,0.0,0.0,0.0,0.0,0.0,AVOID_PERSON,real_media,mixkit_table_05.mp4,105.0,AVOID_PERSON,0,balanced_A,mixed,balanced_batch_A.csv
1.0,0.0,0.0,0.0,0.0,0.0,0.8724325299263,0.0873274739583333,-0.359375,0.3291666666666666,1.0,0.0,0.0,0.0,0.0,0.0,0.7250566482543945,0.10861328125,0.390625,0.3458333333333333,1.0,0.0,0.0,0.0,0.0,0.0,0.6578353643417358,0.0837890625,-0.3875,-0.4708333333333333,0.0,1.0,0.0,0.0,0.0,1.0,1.0,0.0,0.0,0.0,0.0,0.0,0.0,AVOID_PERSON,real_media,mixkit_table_06.mp4,255.0,AVOID_PERSON,0,balanced_A,occlusion,balanced_batch_A.csv
0.0,0.0,0.0,0.0,0.0,1.0,0.3713898658752441,0.3766927083333333,-0.128125,0.4833333333333333,0.0,0.0,0.0,0.0,0.0,0.0,0.0,0.0,0.0,0.0,0.0,0.0,0.0,0.0,0.0,0.0,0.0,0.0,0.0,0.0,0.0,0.0,0.0,0.0,1.0,1.0,0.3333333333333333,0.0,0.0,0.0,0.0,0.0,0.0,CHECK_TABLE,real_media,g_batchG_table_finances_closeup_360p.mp4,105.0,CHECK_TABLE,0,balanced_A,table_focus_clutter,balanced_batch_A.csv
0.0,0.0,0.0,0.0,0.0,1.0,0.3135026693344116,0.3919921875,-0.140625,0.4875,0.0,0.0,0.0,0.0,0.0,0.0,0.0,0.0,0.0,0.0,0.0,0.0,0.0,0.0,0.0,0.0,0.0,0.0,0.0,0.0,1.0,0.0,0.0,0.0,0.0,0.0,0.3333333333333333,0.0,0.0,0.0,0.0,0.0,0.0,EXPLORE,real_media,g_batchG_table_finances_closeup_360p.mp4,175.0,EXPLORE,0,balanced_A,table_focus_clutter,balanced_batch_A.csv
1.0,0.0,0.0,0.0,0.0,0.0,0.738323450088501,0.0041666666666666,0.18125,0.0458333333333333,1.0,0.0,0.0,0.0,0.0,0.0,0.6698451638221741,0.0240364583333333,-0.625,-0.0666666666666666,1.0,0.0,0.0,0.0,0.0,0.0,0.6187371015548706,0.01853515625,-0.940625,-0.1458333333333333,1.0,0.0,0.0,0.0,0.0,0.0,1.0,0.0,0.0,0.0,0.0,0.0,0.0,MOVE_TO_CHAIR,real_media,mixkit_table_07.mp4,250.0,MOVE_TO_CHAIR,0,balanced_A,occlusion,balanced_batch_A.csv
1.0,0.0,0.0,0.0,0.0,0.0,0.8530370593070984,0.09755859375,0.4,0.375,1.0,0.0,0.0,0.0,0.0,0.0,0.739347517490387,0.072998046875,-0.409375,0.3291666666666666,1.0,0.0,0.0,0.0,0.0,0.0,0.557023286819458,0.0760188802083333,-0.3875,-0.4208333333333333,1.0,0.0,0.0,0.0,0.0,0.0,1.0,0.0,0.0,0.0,0.0,0.0,0.0,AVOID_PERSON,real_media,mixkit_table_06.mp4,720.0,AVOID_PERSON,0,balanced_A,occlusion,balanced_batch_A.csv
1.0,0.0,0.0,0.0,0.0,0.0,0.7583487629890442,0.0211360677083333,-0.540625,0.1625,1.0,0.0,0.0,0.0,0.0,0.0,0.672347903251648,0.006142578125,0.165625,0.0041666666666666,1.0,0.0,0.0,0.0,0.0,0.0,0.6512904763221741,0.024375,0.628125,0.6375,0.0,0.0,0.0,1.0,0.0,1.0,1.0,0.0,0.0,0.0,0.0,0.0,0.0,MOVE_TO_CHAIR,real_media,mixkit_table_07.mp4,110.0,MOVE_TO_CHAIR,0,balanced_A,occlusion,balanced_batch_A.csv
1.0,0.0,0.0,0.0,0.0,0.0,0.8299370408058167,0.11021484375,0.378125,0.35,1.0,0.0,0.0,0.0,0.0,0.0,0.8067981004714966,0.0996158854166666,-0.359375,0.2916666666666667,1.0,0.0,0.0,0.0,0.0,0.0,0.6848163604736328,0.1026692708333333,-0.309375,-0.4291666666666666,1.0,0.0,0.0,0.0,0.0,0.0,1.0,0.0,0.0,0.0,0.0,0.0,0.0,AVOID_PERSON,real_media,mixkit_table_06.mp4,110.0,AVOID_PERSON,0,balanced_A,occlusion,balanced_batch_A.csv
0.0,0.0,0.0,0.0,0.0,1.0,0.2927878868657567,0.2356620640413978,0.1800351458187239,0.4754868575604274,0.0,0.0,0.0,0.0,0.0,0.0,0.0094056471639121,0.0,0.0004370429104688,0.0320355778264183,0.0,0.0,0.0,0.0,0.0,0.0,0.0,0.0012784040316728,-0.0047871125494604,-0.0204699498524373,1.0,0.0,0.0,0.0,0.0,0.0,0.3186989133149633,0.0,0.0,0.0,0.0,0.0,0.0,CHECK_TABLE,rebalance,g_batchG_table_finances_closeup_360p.mp4,165.0,CHECK_TABLE,0,balanced_A,balanced_auto,balanced_batch_A.csv
1.0,0.0,0.0,0.0,0.0,0.0,0.7128072381019592,0.0176822916666666,-0.5875,-0.0625,1.0,0.0,0.0,0.0,0.0,0.0,0.642379641532898,0.013310546875,0.171875,-0.1083333333333333,1.0,0.0,0.0,0.0,0.0,0.0,0.5588262677192688,0.0244759114583333,0.684375,0.5833333333333334,0.0,0.0,1.0,0.0,0.0,1.0,1.0,0.0,0.0,0.0,0.0,0.0,0.0,MOVE_TO_CHAIR,real_media,mixkit_table_07.mp4,345.0,MOVE_TO_CHAIR,0,balanced_A,occlusion,balanced_batch_A.csv
0.0,0.0,0.0,0.0,0.0,1.0,0.3517470401046093,0.3691985786026062,-0.1393915647270065,0.4734793899058648,0.0,0.0,0.0,0.0,0.0,0.0,0.0,0.0,0.0037065129883076,0.0123834223395078,0.0,0.0,0.0,0.0,0.0,0.0,0.0038339386435349,0.0099982424691029,-0.0067851696776803,0.0212770306546871,0.0,0.0,0.0,1.0,0.0,0.995574642881078,0.3478837890960404,0.0,0.0,0.0,0.0,0.0,0.0,EXPLORE,rebalance,g_batchG_table_finances_closeup_360p.mp4,115.0,EXPLORE,0,balanced_A,balanced_auto,balanced_batch_A.csv
1.0,0.0,0.0,0.0,0.0,0.0,0.869512140750885,0.1071354166666666,0.371875,0.3708333333333333,1.0,0.0,0.0,0.0,0.0,0.0,0.8517443537712097,0.09052734375,-0.371875,0.2875,1.0,0.0,0.0,0.0,0.0,0.0,0.8134806752204895,0.0880859375,-0.31875,-0.4333333333333333,1.0,0.0,0.0,0.0,0.0,0.0,1.0,0.0,0.0,0.0,0.0,0.0,0.0,AVOID_PERSON,real_media,mixkit_table_06.mp4,585.0,AVOID_PERSON,0,balanced_A,occlusion,balanced_batch_A.csv
0.0,1.0,0.0,0.0,0.0,0.0,0.7147539854049683,0.01681640625,0.1125,0.825,1.0,0.0,0.0,0.0,0.0,0.0,0.5188365578651428,0.024609375,0.678125,0.5875,1.0,0.0,0.0,0.0,0.0,0.0,0.5178796052932739,0.0146484375,-0.859375,-0.15,0.0,0.0,1.0,0.0,0.0,1.0,1.0,0.0,0.0,0.0,0.0,0.0,0.0,MOVE_TO_CHAIR,real_media,mixkit_table_07.mp4,315.0,MOVE_TO_CHAIR,0,balanced_A,occlusion,balanced_batch_A.csv
1.0,0.0,0.0,0.0,0.0,0.0,0.7461211085319519,0.01259765625,-0.871875,-0.1458333333333333,1.0,0.0,0.0,0.0,0.0,0.0,0.7176519632339478,0.017626953125,-0.590625,-0.0583333333333333,0.0,1.0,0.0,0.0,0.0,0.0,0.7485461831092834,0.016953125,0.11875,0.8208333333333333,0.0,0.0,1.0,0.0,0.0,1.0,1.0,0.0,0.0,0.0,0.0,0.0,0.0,MOVE_TO_CHAIR,real_media,mixkit_table_07.mp4,340.0,MOVE_TO_CHAIR,0,balanced_A,occlusion,balanced_batch_A.csv
0.0,0.0,0.0,0.0,0.0,1.0,0.4348936378955841,0.373828125,-0.128125,0.4791666666666667,0.0,0.0,0.0,0.0,0.0,0.0,0.0,0.0,0.0,0.0,0.0,0.0,0.0,0.0,0.0,0.0,0.0,0.0,0.0,0.0,0.0,0.0,0.0,1.0,0.0,1.0,0.3333333333333333,0.0,0.0,0.0,0.0,0.0,0.0,EXPLORE,real_media,g_batchG_table_finances_closeup_360p.mp4,100.0,EXPLORE,0,balanced_A,table_focus_clutter,balanced_batch_A.csv
1.0,0.0,0.0,0.0,0.0,0.0,0.8669668436050415,0.094453125,0.4,0.375,1.0,0.0,0.0,0.0,0.0,0.0,0.7437846660614014,0.0751497395833333,-0.40625,0.3375,1.0,0.0,0.0,0.0,0.0,0.0,0.4421376287937164,0.0071875,0.959375,-0.2458333333333333,1.0,0.0,0.0,0.0,0.0,0.0,1.0,0.0,0.0,0.0,0.0,0.0,0.0,AVOID_PERSON,real_media,mixkit_table_06.mp4,745.0,AVOID_PERSON,0,balanced_A,occlusion,balanced_batch_A.csv
1.0,0.0,0.0,0.0,0.0,0.0,0.9175791743422306,0.6246647152839161,-0.0783122845656677,0.1098724058577587,0.0,0.0,0.0,0.0,0.0,0.0,0.0,0.0092743848155818,0.0027648286411736,0.015202661707517,0.0,0.0,0.0,0.0,0.0,0.0,0.0045442033821436,0.0,0.0045842274823013,0.0106012941120293,1.0,0.0,0.0,0.0,0.0,0.0,0.3469719556314724,0.0,0.0,0.0,0.0,0.0,0.0,EXPLORE,rebalance,,,EXPLORE,0,balanced_A,balanced_auto,balanced_batch_A.csv
0.0,0.0,0.0,0.0,0.0,1.0,0.4068339101349676,0.3798573398202332,-0.1289277335844877,0.5001031174080601,0.0,0.0,0.0,0.0,0.0,0.0,0.0063128822583854,0.0,-0.0180585435617405,0.0186314602574848,0.0,0.0,0.0,0.0,0.0,0.0,0.0,0.0,0.0076990193221172,-0.0031327579531618,0.0,0.0,1.0,0.0,0.0,0.9871257741872596,0.3223654775487869,0.0,0.0,0.0,0.0,0.0,0.0,CHECK_TABLE,rebalance,g_batchG_table_finances_closeup_360p.mp4,255.0,CHECK_TABLE,0,balanced_A,balanced_auto,balanced_batch_A.csv
0.0,0.0,0.0,0.0,0.0,1.0,0.3423022031784057,0.3678515625,-0.109375,0.4833333333333333,0.0,0.0,0.0,0.0,0.0,1.0,0.3651998937129974,0.17513671875,-0.33125,-0.0125,0.0,0.0,0.0,0.0,0.0,0.0,0.0,0.0,0.0,0.0,1.0,0.0,0.0,0.0,0.0,0.0,0.6666666666666666,0.0,0.0,0.0,0.0,0.0,0.0,EXPLORE,real_media,g_batchG_table_finances_closeup_360p.mp4,205.0,EXPLORE,0,balanced_A,table_focus_clutter,balanced_batch_A.csv
0.0,0.0,0.0,0.0,0.0,1.0,0.3877019882202148,0.3711393229166667,-0.13125,0.4833333333333333,0.0,0.0,0.0,0.0,0.0,0.0,0.0,0.0,0.0,0.0,0.0,0.0,0.0,0.0,0.0,0.0,0.0,0.0,0.0,0.0,0.0,0.0,1.0,0.0,0.0,1.0,0.3333333333333333,0.0,0.0,0.0,0.0,0.0,0.0,CHECK_TABLE,real_media,g_batchG_table_finances_closeup_360p.mp4,40.0,CHECK_TABLE,0,balanced_A,table_focus_clutter,balanced_batch_A.csv
0.0,0.0,0.0,0.0,0.0,1.0,0.2851971545553528,0.1468559220435652,-0.5265934652573976,-0.0577588949432957,0.0,0.0,0.0,0.0,0.0,0.0,0.0005246679835624,0.0,0.0039355219331391,0.0164105695083483,0.0,0.0,0.0,0.0,0.0,0.0,0.0,0.0,-0.0078748234444914,0.0104233451146422,1.0,0.0,0.0,0.0,0.0,0.0089518498197168,0.3261385310004854,0.0,0.0,0.0,0.0,0.0,0.0,EXPLORE,rebalance,g_batchG_table_finances_closeup_360p.mp4,130.0,EXPLORE,0,balanced_A,balanced_auto,balanced_batch_A.csv
0.0,0.0,0.0,0.0,0.0,0.0,0.0,0.0,0.0,0.0,0.0,0.0,0.0,0.0,0.0,0.0,0.0,0.0,0.0,0.0,0.0,0.0,0.0,0.0,0.0,0.0,0.0,0.0,0.0,0.0,0.0,0.0,1.0,0.0,0.0,1.0,0.0,0.0,0.0,0.0,0.0,0.0,0.0,CHECK_TABLE,real_media,g_batchG_office_computer_1536_360p.mp4,120.0,CHECK_TABLE,0,balanced_A,table_focus_clutter,balanced_batch_A.csv
0.0,0.0,0.0,0.0,0.0,1.0,0.6269031763076782,0.0052864583333333,0.178125,0.6416666666666667,0.0,0.0,0.0,0.0,0.0,0.0,0.0,0.0,0.0,0.0,0.0,0.0,0.0,0.0,0.0,0.0,0.0,0.0,0.0,0.0,0.0,0.0,0.0,1.0,0.0,1.0,0.3333333333333333,0.0,0.0,0.0,0.0,0.0,0.0,EXPLORE,real_media,g_batchG_office_computer_1536_360p.mp4,155.0,EXPLORE,0,balanced_A,table_focus_clutter,balanced_batch_A.csv
0.0,0.0,0.0,0.0,0.0,1.0,0.3371507154426101,0.3645821210462251,-0.1072243680386023,0.4664687279274758,0.0,0.0,0.0,0.0,0.0,0.0,0.0,0.0,-0.0243762612084725,-0.017563047338575,0.0,0.0,0.0,0.0,0.0,0.0,0.0,0.0,-0.0066824688140162,0.0183180508471202,0.0,0.0,0.0,1.0,0.0,0.9862510419163002,0.3309515958935866,0.0,0.0,0.0,0.0,0.0,0.0,CHECK_TABLE,rebalance,g_batchG_table_finances_closeup_360p.mp4,225.0,CHECK_TABLE,0,balanced_A,balanced_auto,balanced_batch_A.csv
1.0,0.0,0.0,0.0,0.0,0.0,0.7383333444595337,0.1212239583333333,0.3625,0.3666666666666666,1.0,0.0,0.0,0.0,0.0,0.0,0.741242527961731,0.069765625,-0.409375,0.3333333333333333,1.0,0.0,0.0,0.0,0.0,0.0,0.6195054054260254,0.073828125,-0.384375,-0.425,1.0,0.0,0.0,0.0,0.0,0.0,1.0,0.0,0.0,0.0,0.0,0.0,0.0,AVOID_PERSON,real_media,mixkit_table_06.mp4,865.0,AVOID_PERSON,0,balanced_A,occlusion,balanced_batch_A.csv
1.0,0.0,0.0,0.0,0.0,0.0,0.5493305921554565,0.0045703125,0.165625,0.0375,1.0,0.0,0.0,0.0,0.0,0.0,0.5205804109573364,0.0122135416666666,0.78125,0.1375,1.0,0.0,0.0,0.0,0.0,0.0,0.5063908696174622,0.0227994791666666,0.646875,0.5958333333333333,0.0,0.0,1.0,0.0,0.0,1.0,1.0,0.0,0.0,0.0,0.0,0.0,0.0,MOVE_TO_CHAIR,real_media,mixkit_table_07.mp4,205.0,MOVE_TO_CHAIR,0,balanced_A,occlusion,balanced_batch_A.csv
0.0,0.0,0.0,0.0,0.0,1.0,0.386559784412384,0.281953125,0.05625,0.475,0.0,0.0,0.0,0.0,0.0,0.0,0.0,0.0,0.0,0.0,0.0,0.0,0.0,0.0,0.0,0.0,0.0,0.0,0.0,0.0,1.0,0.0,0.0,0.0,0.0,0.0,0.3333333333333333,0.0,0.0,0.0,0.0,0.0,0.0,EXPLORE,real_media,g_batchG_table_finances_closeup_360p.mp4,5.0,EXPLORE,0,balanced_A,table_focus_clutter,balanced_batch_A.csv
1.0,0.0,0.0,0.0,0.0,0.0,0.796923816204071,0.107666015625,0.36875,0.3708333333333333,1.0,0.0,0.0,0.0,0.0,0.0,0.7504014372825623,0.0717447916666666,-0.409375,0.3416666666666667,1.0,0.0,0.0,0.0,0.0,0.0,0.6458969712257385,0.0759244791666666,-0.384375,-0.4125,1.0,0.0,0.0,0.0,0.0,0.0,1.0,0.0,0.0,0.0,0.0,0.0,0.0,AVOID_PERSON,real_media,mixkit_table_06.mp4,795.0,AVOID_PERSON,0,balanced_A,occlusion,balanced_batch_A.csv
0.0,0.0,0.0,0.0,0.0,1.0,0.2949108673378151,0.0034378346978806,0.1768055460580245,0.6330838741099468,0.0,0.0,0.0,0.0,0.0,0.0,0.0,0.0122254133867403,-0.0203115816241508,0.0062702769490039,0.0,0.0,0.0,0.0,0.0,0.0,0.0,0.0,0.0167625313578876,0.0399346178338357,0.0,0.0,0.0,1.0,0.0,0.993458535599322,0.3118604430359468,0.0,0.0,0.0,0.0,0.0,0.0,CHECK_TABLE,rebalance,g_batchG_office_computer_1536_360p.mp4,140.0,CHECK_TABLE,0,balanced_A,balanced_auto,balanced_batch_A.csv
0.0,0.0,0.0,0.0,0.0,1.0,0.3776129186153412,0.3612174479166666,-0.13125,0.4833333333333333,0.0,0.0,0.0,0.0,0.0,0.0,0.0,0.0,0.0,0.0,0.0,0.0,0.0,0.0,0.0,0.0,0.0,0.0,0.0,0.0,0.0,0.0,0.0,0.0,1.0,1.0,0.3333333333333333,0.0,0.0,0.0,0.0,0.0,0.0,EXPLORE,real_media,g_batchG_table_finances_closeup_360p.mp4,65.0,EXPLORE,0,balanced_A,table_focus_clutter,balanced_batch_A.csv
1.0,0.0,0.0,0.0,0.0,0.0,0.8511220812797546,0.124609375,0.203125,-0.6583333333333333,0.0,1.0,0.0,0.0,0.0,0.0,0.3207976818084717,0.01703125,-0.115625,-0.6833333333333333,0.0,0.0,0.0,0.0,0.0,1.0,0.3424155414104461,0.670625,-0.075,0.2666666666666666,0.0,1.0,0.0,0.0,0.0,1.0,1.0,0.0,0.0,0.0,0.0,0.0,0.0,AVOID_PERSON,real_media,mixkit_table_05.mp4,220.0,AVOID_PERSON,0,balanced_A,mixed,balanced_batch_A.csv
0.0,0.0,0.0,0.0,0.0,1.0,0.2901516394090577,0.3255180944973523,-0.0397103894189249,0.4763876227026555,0.0,0.0,0.0,0.0,0.0,1.0,0.3201291420198405,0.2397828357323257,0.1594538118663415,0.492358136482661,0.0,0.0,0.0,0.0,0.0,0.0,0.0041389028537269,0.016162096816512,-0.0169132206553469,0.0066614074523651,0.0,0.0,0.0,1.0,0.0,1.0,0.6569651714701525,0.0,0.0,0.0,0.0,0.0,0.0,EXPLORE,rebalance,g_batchG_table_finances_closeup_360p.mp4,25.0,EXPLORE,0,balanced_A,balanced_auto,balanced_batch_A.csv
1.0,0.0,0.0,0.0,0.0,0.0,0.8722676634788513,0.1025390625,0.384375,0.3875,1.0,0.0,0.0,0.0,0.0,0.0,0.8156132102012634,0.08310546875,-0.390625,0.2916666666666667,1.0,0.0,0.0,0.0,0.0,0.0,0.7802205681800842,0.0697265625,-0.403125,-0.4708333333333333,1.0,0.0,0.0,0.0,0.0,0.0,1.0,0.0,0.0,0.0,0.0,0.0,0.0,AVOID_PERSON,real_media,mixkit_table_06.mp4,640.0,AVOID_PERSON,0,balanced_A,occlusion,balanced_batch_A.csv
1.0,0.0,0.0,0.0,0.0,0.0,0.7793636322021484,0.0074479166666666,-0.26875,-0.5666666666666667,1.0,0.0,0.0,0.0,0.0,0.0,0.6440132260322571,0.0124283854166666,0.640625,-0.0666666666666666,1.0,0.0,0.0,0.0,0.0,0.0,0.5972654223442078,0.022236328125,0.61875,0.6333333333333333,1.0,0.0,0.0,0.0,0.0,0.0,1.0,0.0,0.0,0.0,0.0,0.0,0.0,MOVE_TO_CHAIR,real_media,mixkit_table_07.mp4,65.0,MOVE_TO_CHAIR,0,balanced_A,occlusion,balanced_batch_A.csv
1.0,0.0,0.0,0.0,0.0,0.0,0.853493332862854,0.0326953125,-0.621875,0.6125,1.0,0.0,0.0,0.0,0.0,0.0,0.7776804566383362,0.0135026041666666,-0.478125,0.8666666666666667,1.0,0.0,0.0,0.0,0.0,0.0,0.6722731590270996,0.020947265625,-0.3375,0.6791666666666667,0.0,0.0,1.0,0.0,0.0,1.0,1.0,0.0,0.0,0.0,0.0,0.0,0.0,MOVE_TO_CHAIR,real_media,mixkit_table_07.mp4,10.0,MOVE_TO_CHAIR,0,balanced_A,occlusion,balanced_batch_A.csv
1.0,0.0,0.0,0.0,0.0,0.0,0.8575789928436279,0.3354166666666666,0.421875,-0.0416666666666666,0.0,0.0,0.0,0.0,0.0,1.0,0.7930949330329895,0.0267447916666666,0.915625,-0.0208333333333333,0.0,0.0,0.0,0.0,0.0,1.0,0.782613217830658,0.0238151041666666,0.6125,0.65,0.0,1.0,0.0,0.0,0.0,1.0,1.0,0.0,0.0,0.0,0.0,0.0,0.0,AVOID_PERSON,real_media,mixkit_table_05.mp4,15.0,AVOID_PERSON,0,balanced_A,mixed,balanced_batch_A.csv
0.0,0.0,0.0,0.0,0.0,1.0,0.2567042410373688,0.0057584635416666,0.165625,0.6333333333333333,0.0,0.0,0.0,0.0,0.0,0.0,0.0,0.0,0.0,0.0,0.0,0.0,0.0,0.0,0.0,0.0,0.0,0.0,0.0,0.0,0.0,1.0,0.0,0.0,0.0,1.0,0.3333333333333333,0.0,0.0,0.0,0.0,0.0,0.0,CHECK_TABLE,real_media,g_batchG_office_computer_1536_360p.mp4,170.0,CHECK_TABLE,0,balanced_A,table_focus_clutter,balanced_batch_A.csv
0.0,0.0,0.0,0.0,0.0,1.0,0.3624806404113769,0.2953125,0.04375,0.475,0.0,0.0,0.0,0.0,0.0,0.0,0.0,0.0,0.0,0.0,0.0,0.0,0.0,0.0,0.0,0.0,0.0,0.0,0.0,0.0,0.0,0.0,0.0,0.0,1.0,1.0,0.3333333333333333,0.0,0.0,0.0,0.0,0.0,0.0,CHECK_TABLE,real_media,g_batchG_table_finances_closeup_360p.mp4,245.0,CHECK_TABLE,0,balanced_A,table_focus_clutter,balanced_batch_A.csv
0.0,0.0,0.0,0.0,0.0,1.0,0.3075219392776489,0.37212890625,-0.128125,0.475,0.0,0.0,0.0,0.0,0.0,1.0,0.2827483415603637,0.0764811197916666,0.70625,-0.1625,0.0,0.0,0.0,0.0,0.0,0.0,0.0,0.0,0.0,0.0,0.0,1.0,0.0,0.0,0.0,1.0,0.6666666666666666,0.0,0.0,0.0,0.0,0.0,0.0,CHECK_TABLE,real_media,g_batchG_table_finances_closeup_360p.mp4,30.0,CHECK_TABLE,0,balanced_A,table_focus_clutter,balanced_batch_A.csv
1.0,0.0,0.0,0.0,0.0,0.0,0.7517300844192505,0.0188216145833333,-0.596875,-0.0541666666666666,1.0,0.0,0.0,0.0,0.0,0.0,0.6636515259742737,0.01494140625,-0.865625,-0.1458333333333333,1.0,0.0,0.0,0.0,0.0,0.0,0.5846855044364929,0.0046712239583333,0.1875,0.0375,0.0,0.0,1.0,0.0,0.0,1.0,1.0,0.0,0.0,0.0,0.0,0.0,0.0,MOVE_TO_CHAIR,real_media,mixkit_table_07.mp4,295.0,MOVE_TO_CHAIR,0,balanced_A,occlusion,balanced_batch_A.csv
1.0,0.0,0.0,0.0,0.0,0.0,0.7409305572509766,0.11935546875,0.359375,0.3708333333333333,1.0,0.0,0.0,0.0,0.0,0.0,0.7354402542114258,0.0713671875,-0.40625,0.3333333333333333,1.0,0.0,0.0,0.0,0.0,0.0,0.6200389862060547,0.0739876302083333,-0.384375,-0.4208333333333333,1.0,0.0,0.0,0.0,0.0,0.0,1.0,0.0,0.0,0.0,0.0,0.0,0.0,AVOID_PERSON,real_media,mixkit_table_06.mp4,880.0,AVOID_PERSON,0,balanced_A,occlusion,balanced_batch_A.csv
0.0,0.0,0.0,0.0,0.0,1.0,0.3411591947078705,0.2995052083333333,0.03125,0.4708333333333333,0.0,0.0,0.0,0.0,0.0,0.0,0.0,0.0,0.0,0.0,0.0,0.0,0.0,0.0,0.0,0.0,0.0,0.0,0.0,0.0,0.0,0.0,0.0,0.0,1.0,1.0,0.3333333333333333,0.0,0.0,0.0,0.0,0.0,0.0,CHECK_TABLE,real_media,g_batchG_table_finances_closeup_360p.mp4,120.0,CHECK_TABLE,0,balanced_A,table_focus_clutter,balanced_batch_A.csv
1.0,0.0,0.0,0.0,0.0,0.0,0.6501374244689941,0.0167350260416666,-0.603125,-0.0541666666666666,1.0,0.0,0.0,0.0,0.0,0.0,0.6034881472587585,0.0264485677083333,-0.9,-0.1125,1.0,0.0,0.0,0.0,0.0,0.0,0.5721888542175293,0.0243815104166666,0.6625,0.5916666666666667,0.0,0.0,1.0,0.0,0.0,1.0,1.0,0.0,0.0,0.0,0.0,0.0,0.0,MOVE_TO_CHAIR,real_media,mixkit_table_07.mp4,260.0,MOVE_TO_CHAIR,0,balanced_A,occlusion,balanced_batch_A.csv
0.0,0.0,0.0,0.0,0.0,1.0,0.2999942004680633,0.37984375,-0.125,0.4833333333333333,0.0,0.0,0.0,0.0,0.0,0.0,0.0,0.0,0.0,0.0,0.0,0.0,0.0,0.0,0.0,0.0,0.0,0.0,0.0,0.0,1.0,0.0,0.0,0.0,0.0,0.0,0.3333333333333333,0.0,0.0,0.0,0.0,0.0,0.0,EXPLORE,real_media,g_batchG_table_finances_closeup_360p.mp4,215.0,EXPLORE,0,balanced_A,table_focus_clutter,balanced_batch_A.csv
1.0,0.0,0.0,0.0,0.0,0.0,0.9149516820907592,0.61986328125,-0.0875,0.0958333333333333,0.0,0.0,0.0,0.0,0.0,0.0,0.0,0.0,0.0,0.0,0.0,0.0,0.0,0.0,0.0,0.0,0.0,0.0,0.0,0.0,1.0,0.0,0.0,0.0,0.0,0.0,0.3333333333333333,0.0,0.0,0.0,0.0,0.0,0.0,EXPLORE,real_media,,,EXPLORE,0,balanced_A,,balanced_batch_A.csv
0.0,0.0,0.0,0.0,0.0,1.0,0.3035840515279389,0.2790151653830738,0.0884047902204611,0.4608474213625503,0.0,0.0,0.0,0.0,0.0,0.0,0.0021868859672901,0.0087142877794818,-0.0236988753283404,-0.0193023352446474,0.0,0.0,0.0,0.0,0.0,0.0,0.0022359554877468,0.0067891356307189,-0.014504521290715,0.0425693946487032,0.0,0.0,0.0,0.0,1.0,0.98532954754609,0.3546258044536163,0.0,0.0,0.0,0.0,0.0,0.0,CHECK_TABLE,rebalance,g_batchG_table_finances_closeup_360p.mp4,35.0,CHECK_TABLE,0,balanced_A,balanced_auto,balanced_batch_A.csv
0.0,0.0,0.0,0.0,0.0,1.0,0.2803448788736004,0.3308637717585475,-0.1279223223969661,0.4614347111968964,0.0,0.0,0.0,0.0,0.0,1.0,0.320365429566679,0.2563360021416418,0.1712386779945548,0.4651356520056818,0.0,0.0,0.0,0.0,0.0,0.0,0.0,0.0086382801369818,0.003955801638837,0.0217843499342158,0.0,0.0,0.0,1.0,0.0,0.9945650449206735,0.6908708167891406,0.0,0.0,0.0,0.0,0.0,0.0,EXPLORE,rebalance,g_batchG_table_finances_closeup_360p.mp4,25.0,EXPLORE,0,balanced_A,balanced_auto,balanced_batch_A.csv
1.0,0.0,0.0,0.0,0.0,0.0,0.6559280157089233,0.0290592447916666,0.625,0.6666666666666666,1.0,0.0,0.0,0.0,0.0,0.0,0.6637485027313232,0.0203125,-0.2125,0.5916666666666667,1.0,0.0,0.0,0.0,0.0,0.0,0.6270039677619934,0.0088802083333333,-0.25,-0.575,0.0,0.0,1.0,0.0,0.0,1.0,1.0,0.0,0.0,0.0,0.0,0.0,0.0,MOVE_TO_CHAIR,real_media,mixkit_table_07.mp4,80.0,MOVE_TO_CHAIR,0,balanced_A,occlusion,balanced_batch_A.csv
1.0,0.0,0.0,0.0,0.0,0.0,0.7265825867652893,0.1181119791666666,0.365625,0.3708333333333333,1.0,0.0,0.0,0.0,0.0,0.0,0.7585020661354065,0.0716015625,-0.4125,0.3375,1.0,0.0,0.0,0.0,0.0,0.0,0.7242111563682556,0.0752864583333333,-0.384375,-0.4083333333333333,1.0,0.0,0.0,0.0,0.0,0.0,1.0,0.0,0.0,0.0,0.0,0.0,0.0,AVOID_PERSON,real_media,mixkit_table_06.mp4,915.0,AVOID_PERSON,0,balanced_A,occlusion,balanced_batch_A.csv
0.0,0.0,0.0,0.0,0.0,1.0,0.3031877279281616,0.2281575520833333,0.190625,0.4708333333333333,0.0,0.0,0.0,0.0,0.0,0.0,0.0,0.0,0.0,0.0,0.0,0.0,0.0,0.0,0.0,0.0,0.0,0.0,0.0,0.0,1.0,0.0,0.0,0.0,0.0,0.0,0.3333333333333333,0.0,0.0,0.0,0.0,0.0,0.0,CHECK_TABLE,real_media,g_batchG_table_finances_closeup_360p.mp4,165.0,CHECK_TABLE,0,balanced_A,table_focus_clutter,balanced_batch_A.csv
1.0,0.0,0.0,0.0,0.0,0.0,0.9283401370048524,0.1224609375,0.271875,-0.6458333333333334,0.0,0.0,0.0,0.0,0.0,1.0,0.422102689743042,0.76646484375,-0.025,0.1958333333333333,0.0,0.0,0.0,0.0,0.0,1.0,0.7240268588066101,0.1130729166666666,-0.34375,0.5083333333333333,0.0,1.0,0.0,0.0,0.0,1.0,1.0,0.0,0.0,0.0,0.0,0.0,0.0,AVOID_PERSON,real_media,mixkit_table_05.mp4,50.0,AVOID_PERSON,0,balanced_A,mixed,balanced_batch_A.csv
1.0,0.0,0.0,0.0,0.0,0.0,0.7793077826499939,0.019013671875,-0.6,-0.0583333333333333,1.0,0.0,0.0,0.0,0.0,0.0,0.6567346453666687,0.014775390625,-0.86875,-0.1458333333333333,1.0,0.0,0.0,0.0,0.0,0.0,0.5803747773170471,0.024140625,0.671875,0.5875,1.0,0.0,0.0,0.0,0.0,0.0,1.0,0.0,0.0,0.0,0.0,0.0,0.0,MOVE_TO_CHAIR,real_media,mixkit_table_07.mp4,290.0,MOVE_TO_CHAIR,0,balanced_A,occlusion,balanced_batch_A.csv
0.0,0.0,0.0,0.0,0.0,1.0,0.342549979686737,0.368564453125,-0.11875,0.4791666666666667,0.0,0.0,0.0,0.0,0.0,0.0,0.0,0.0,0.0,0.0,0.0,0.0,0.0,0.0,0.0,0.0,0.0,0.0,0.0,0.0,0.0,0.0,0.0,0.0,1.0,1.0,0.3333333333333333,0.0,0.0,0.0,0.0,0.0,0.0,EXPLORE,real_media,g_batchG_table_finances_closeup_360p.mp4,75.0,EXPLORE,0,balanced_A,table_focus_clutter,balanced_batch_A.csv
0.0,0.0,0.0,0.0,0.0,1.0,0.3141493201255798,0.386318359375,-0.1375,0.4875,0.0,0.0,0.0,0.0,0.0,0.0,0.0,0.0,0.0,0.0,0.0,0.0,0.0,0.0,0.0,0.0,0.0,0.0,0.0,0.0,0.0,0.0,0.0,0.0,1.0,1.0,0.3333333333333333,0.0,0.0,0.0,0.0,0.0,0.0,EXPLORE,real_media,g_batchG_table_finances_closeup_360p.mp4,180.0,EXPLORE,0,balanced_A,table_focus_clutter,balanced_batch_A.csv
1.0,0.0,0.0,0.0,0.0,0.0,0.8610571026802063,0.034423828125,-0.5625,0.7,1.0,0.0,0.0,0.0,0.0,0.0,0.7985444664955139,0.0222786458333333,-0.2125,0.7541666666666667,1.0,0.0,0.0,0.0,0.0,0.0,0.5987958908081055,0.0254264322916666,0.628125,0.65,0.0,0.0,1.0,0.0,0.0,1.0,1.0,0.0,0.0,0.0,0.0,0.0,0.0,MOVE_TO_CHAIR,real_media,mixkit_table_07.mp4,90.0,MOVE_TO_CHAIR,0,balanced_A,occlusion,balanced_batch_A.csv
0.0,0.0,0.0,0.0,0.0,1.0,0.3012624382972717,0.2778483072916666,0.06875,0.4708333333333333,0.0,0.0,0.0,0.0,0.0,0.0,0.0,0.0,0.0,0.0,0.0,0.0,0.0,0.0,0.0,0.0,0.0,0.0,0.0,0.0,0.0,0.0,0.0,0.0,1.0,1.0,0.3333333333333333,0.0,0.0,0.0,0.0,0.0,0.0,CHECK_TABLE,real_media,g_batchG_table_finances_closeup_360p.mp4,35.0,CHECK_TABLE,0,balanced_A,table_focus_clutter,balanced_batch_A.csv
1.0,0.0,0.0,0.0,0.0,0.0,0.7544956803321838,0.0179036458333333,-0.590625,-0.0666666666666666,1.0,0.0,0.0,0.0,0.0,0.0,0.605151891708374,0.014609375,-0.8625,-0.1458333333333333,0.0,1.0,0.0,0.0,0.0,0.0,0.7316993474960327,0.0167513020833333,0.115625,0.8208333333333333,0.0,0.0,1.0,0.0,0.0,1.0,1.0,0.0,0.0,0.0,0.0,0.0,0.0,MOVE_TO_CHAIR,real_media,mixkit_table_07.mp4,320.0,MOVE_TO_CHAIR,0,balanced_A,occlusion,balanced_batch_A.csv
1.0,0.0,0.0,0.0,0.0,0.0,0.845476508140564,0.08779296875,-0.35,0.3458333333333333,1.0,0.0,0.0,0.0,0.0,0.0,0.8156425356864929,0.1125390625,0.375,0.3458333333333333,1.0,0.0,0.0,0.0,0.0,0.0,0.8104326128959656,0.0830729166666666,-0.578125,-0.4583333333333333,1.0,0.0,0.0,0.0,0.0,0.0,1.0,0.0,0.0,0.0,0.0,0.0,0.0,AVOID_PERSON,real_media,mixkit_table_06.mp4,40.0,AVOID_PERSON,0,balanced_A,occlusion,balanced_batch_A.csv
0.0,0.0,0.0,0.0,0.0,1.0,0.3827912211418152,0.37640625,-0.13125,0.4791666666666667,0.0,0.0,0.0,0.0,0.0,0.0,0.0,0.0,0.0,0.0,0.0,0.0,0.0,0.0,0.0,0.0,0.0,0.0,0.0,0.0,0.0,0.0,0.0,1.0,0.0,1.0,0.3333333333333333,0.0,0.0,0.0,0.0,0.0,0.0,CHECK_TABLE,real_media,g_batchG_table_finances_closeup_360p.mp4,110.0,CHECK_TABLE,0,balanced_A,table_focus_clutter,balanced_batch_A.csv
0.0,0.0,0.0,0.0,0.0,1.0,0.2954101264476776,0.0052864583333333,0.18125,0.6625,0.0,0.0,0.0,0.0,0.0,0.0,0.0,0.0,0.0,0.0,0.0,0.0,0.0,0.0,0.0,0.0,0.0,0.0,0.0,0.0,0.0,0.0,0.0,1.0,0.0,1.0,0.3333333333333333,0.0,0.0,0.0,0.0,0.0,0.0,CHECK_TABLE,real_media,g_batchG_office_computer_1536_360p.mp4,140.0,CHECK_TABLE,0,balanced_A,table_focus_clutter,balanced_batch_A.csv
1.0,0.0,0.0,0.0,0.0,0.0,0.6806913018226624,0.0148111979166666,-0.8625,-0.15,1.0,0.0,0.0,0.0,0.0,0.0,0.6595234274864197,0.0180826822916666,-0.615625,-0.0666666666666666,0.0,1.0,0.0,0.0,0.0,0.0,0.7108230590820312,0.0164811197916666,0.115625,0.8208333333333333,0.0,0.0,1.0,0.0,0.0,1.0,1.0,0.0,0.0,0.0,0.0,0.0,0.0,MOVE_TO_CHAIR,real_media,mixkit_table_07.mp4,325.0,MOVE_TO_CHAIR,0,balanced_A,occlusion,balanced_batch_A.csv
0.0,0.0,0.0,0.0,0.0,1.0,0.2899124026298523,0.14421875,-0.5125,-0.0541666666666666,0.0,0.0,0.0,0.0,0.0,0.0,0.0,0.0,0.0,0.0,0.0,0.0,0.0,0.0,0.0,0.0,0.0,0.0,0.0,0.0,1.0,0.0,0.0,0.0,0.0,0.0,0.3333333333333333,0.0,0.0,0.0,0.0,0.0,0.0,EXPLORE,real_media,g_batchG_table_finances_closeup_360p.mp4,130.0,EXPLORE,0,balanced_A,table_focus_clutter,balanced_batch_A.csv
0.0,0.0,0.0,0.0,0.0,1.0,0.3028984213510032,0.3807086650625715,-0.1237373499727228,0.4667814553833252,0.0,0.0,0.0,0.0,0.0,1.0,0.2808352983115476,0.0637242565582873,0.7283757742011978,-0.1539248712307677,0.0,0.0,0.0,0.0,0.0,0.0,0.0,0.0,0.0307151198399198,0.0036646887444381,0.0,1.0,0.0,0.0,0.0,1.0,0.6839536431107226,0.0,0.0,0.0,0.0,0.0,0.0,CHECK_TABLE,rebalance,g_batchG_table_finances_closeup_360p.mp4,30.0,CHECK_TABLE,0,balanced_A,balanced_auto,balanced_batch_A.csv
1.0,0.0,0.0,0.0,0.0,0.0,0.653231143951416,0.0233430989583333,0.625,0.6416666666666667,1.0,0.0,0.0,0.0,0.0,0.0,0.6307111978530884,0.0072916666666666,0.7625,0.1,1.0,0.0,0.0,0.0,0.0,0.0,0.5709839463233948,0.0210546875,0.89375,0.575,1.0,0.0,0.0,0.0,0.0,0.0,1.0,0.0,0.0,0.0,0.0,0.0,0.0,MOVE_TO_CHAIR,real_media,mixkit_table_07.mp4,95.0,MOVE_TO_CHAIR,0,balanced_A,occlusion,balanced_batch_A.csv
1.0,0.0,0.0,0.0,0.0,0.0,0.8851538300514221,0.1128515625,0.165625,-0.6625,0.0,0.0,0.0,0.0,0.0,1.0,0.3878329992294311,0.72021484375,-0.025,0.25,0.0,0.0,0.0,0.0,0.0,1.0,0.6430467367172241,0.0996614583333333,-0.271875,-0.0208333333333333,0.0,1.0,0.0,0.0,0.0,1.0,1.0,0.0,0.0,0.0,0.0,0.0,0.0,AVOID_PERSON,real_media,mixkit_table_05.mp4,180.0,AVOID_PERSON,0,balanced_A,mixed,balanced_batch_A.csv
1.0,0.0,0.0,0.0,0.0,0.0,0.6618272662162781,0.027822265625,0.640625,0.6541666666666667,1.0,0.0,0.0,0.0,0.0,0.0,0.6522241234779358,0.019921875,0.259375,0.7833333333333333,1.0,0.0,0.0,0.0,0.0,0.0,0.6348156929016113,0.0128743489583333,-0.525,-0.225,0.0,0.0,1.0,0.0,0.0,1.0,1.0,0.0,0.0,0.0,0.0,0.0,0.0,MOVE_TO_CHAIR,real_media,mixkit_table_07.mp4,135.0,MOVE_TO_CHAIR,0,balanced_A,occlusion,balanced_batch_A.csv
