f0,f1,f2,f3,f4,f5,f6,f7,f8,f9,f10,f11,f12,f13,f14,f15,f16,f17,f18,f19,f20,f21,f22,f23,f24,f25,f26,f27,f28,f29,f30,f31,f32,f33,f34,f35,f36,f37,f38,f39,f40,f41,f42,label,source_type,source_file,frame_index,auto_label,needs_review,batch_id,scenario
1.0,0.0,0.0,0.0,0.0,0.0,0.8722676634788513,0.1025390625,0.384375,0.3875,1.0,0.0,0.0,0.0,0.0,0.0,0.8156132102012634,0.08310546875,-0.390625,0.2916666666666667,1.0,0.0,0.0,0.0,0.0,0.0,0.7802205681800842,0.0697265625,-0.403125,-0.4708333333333333,1.0,0.0,0.0,0.0,0.0,0.0,1.0,0.0,0.0,0.0,0.0,0.0,0.0,AVOID_PERSON,real_media,mixkit_table_06.mp4,640.0,AVOID_PERSON,0,balanced_A,occlusion
1.0,0.0,0.0,0.0,0.0,0.0,0.8598802089691162,0.08625,-0.3625,0.3333333333333333,1.0,0.0,0.0,0.0,0.0,0.0,0.746328592300415,0.0776953125,0.38125,0.4375,1.0,0.0,0.0,0.0,0.0,0.0,0.5787681937217712,0.11689453125,0.3875,0.3625,1.0,0.0,0.0,0.0,0.0,0.0,1.0,0.0,0.0,0.0,0.0,0.0,0.0,AVOID_PERSON,real_media,mixkit_table_06.mp4,295.0,AVOID_PERSON,0,balanced_A,occlusion
1.0,0.0,0.0,0.0,0.0,0.0,0.8530370593070984,0.09755859375,0.4,0.375,1.0,0.0,0.0,0.0,0.0,0.0,0.739347517490387,0.072998046875,-0.409375,0.3291666666666666,1.0,0.0,0.0,0.0,0.0,0.0,0.557023286819458,0.0760188802083333,-0.3875,-0.4208333333333333,1.0,0.0,0.0,0.0,0.0,0.0,1.0,0.0,0.0,0.0,0.0,0.0,0.0,AVOID_PERSON,real_media,mixkit_table_06.mp4,720.0,AVOID_PERSON,0,balanced_A,occlusion
1.0,0.0,0.0,0.0,0.0,0.0,0.8669668436050415,0.094453125,0.4,0.375,1.0,0.0,0.0,0.0,0.0,0.0,0.7437846660614014,0.0751497395833333,-0.40625,0.3375,1.0,0.0,0.0,0.0,0.0,0.0,0.4421376287937164,0.0071875,0.959375,-0.2458333333333333,1.0,0.0,0.0,0.0,0.0,0.0,1.0,0.0,0.0,0.0,0.0,0.0,0.0,AVOID_PERSON,real_media,mixkit_table_06.mp4,745.0,AVOID_PERSON,0,balanced_A,occlusion
1.0,0.0,0.0,0.0,0.0,0.0,0.7265825867652893,0.1181119791666666,0.365625,0.3708333333333333,1.0,0.0,0.0,0.0,0.0,0.0,0.7585020661354065,0.0716015625,-0.4125,0.3375,1.0,0.0,0.0,0.0,0.0,0.0,0.7242111563682556,0.0752864583333333,-0.384375,-0.4083333333333333,1.0,0.0,0.0,0.0,0.0,0.0,1.0,0.0,0.0,0.0,0.0,0.0,0.0,AVOID_PERSON,real_media,mixkit_table_06.mp4,915.0,AVOID_PERSON,0,balanced_A,occlusion
1.0,0.0,0.0,0.0,0.0,0.0,0.7401341199874878,0.1225,0.3625,0.3666666666666666,1.0,0.0,0.0,0.0,0.0,0.0,0.7584851980209351,0.0716015625,-0.409375,0.3375,1.0,0.0,0.0,0.0,0.0,0.0,0.6700314879417419,0.074375,-0.384375,-0.4166666666666667,1.0,0.0,0.0,0.0,0.0,0.0,1.0,0.0,0.0,0.0,0.0,0.0,0.0,AVOID_PERSON,real_media,mixkit_table_06.mp4,900.0,AVOID_PERSON,0,balanced_A,occlusion
1.0,0.0,0.0,0.0,0.0,0.0,0.8485731482505798,0.1037141927083333,0.396875,0.325,1.0,0.0,0.0,0.0,0.0,0.0,0.827656626701355,0.08525390625,-0.40625,0.35,1.0,0.0,0.0,0.0,0.0,0.0,0.7554603815078735,0.068359375,-0.384375,-0.4541666666666666,0.0,0.0,0.0,1.0,0.0,1.0,1.0,0.0,0.0,0.0,0.0,0.0,0.0,AVOID_PERSON,real_media,mixkit_table_06.mp4,1115.0,AVOID_PERSON,0,balanced_A,occlusion
1.0,0.0,0.0,0.0,0.0,0.0,0.845476508140564,0.08779296875,-0.35,0.3458333333333333,1.0,0.0,0.0,0.0,0.0,0.0,0.8156425356864929,0.1125390625,0.375,0.3458333333333333,1.0,0.0,0.0,0.0,0.0,0.0,0.8104326128959656,0.0830729166666666,-0.578125,-0.4583333333333333,1.0,0.0,0.0,0.0,0.0,0.0,1.0,0.0,0.0,0.0,0.0,0.0,0.0,AVOID_PERSON,real_media,mixkit_table_06.mp4,40.0,AVOID_PERSON,0,balanced_A,occlusion
1.0,0.0,0.0,0.0,0.0,0.0,0.7409305572509766,0.11935546875,0.359375,0.3708333333333333,1.0,0.0,0.0,0.0,0.0,0.0,0.7354402542114258,0.0713671875,-0.40625,0.3333333333333333,1.0,0.0,0.0,0.0,0.0,0.0,0.6200389862060547,0.0739876302083333,-0.384375,-0.4208333333333333,1.0,0.0,0.0,0.0,0.0,0.0,1.0,0.0,0.0,0.0,0.0,0.0,0.0,AVOID_PERSON,real_media,mixkit_table_06.mp4,880.0,AVOID_PERSON,0,balanced_A,occlusion
1.0,0.0,0.0,0.0,0.0,0.0,0.9283401370048524,0.1224609375,0.271875,-0.6458333333333334,0.0,0.0,0.0,0.0,0.0,1.0,0.422102689743042,0.76646484375,-0.025,0.1958333333333333,0.0,0.0,0.0,0.0,0.0,1.0,0.7240268588066101,0.1130729166666666,-0.34375,0.5083333333333333,0.0,1.0,0.0,0.0,0.0,1.0,1.0,0.0,0.0,0.0,0.0,0.0,0.0,AVOID_PERSON,real_media,mixkit_table_05.mp4,50.0,AVOID_PERSON,0,balanced_A,mixed
1.0,0.0,0.0,0.0,0.0,0.0,0.8299370408058167,0.11021484375,0.378125,0.35,1.0,0.0,0.0,0.0,0.0,0.0,0.8067981004714966,0.0996158854166666,-0.359375,0.2916666666666667,1.0,0.0,0.0,0.0,0.0,0.0,0.6848163604736328,0.1026692708333333,-0.309375,-0.4291666666666666,1.0,0.0,0.0,0.0,0.0,0.0,1.0,0.0,0.0,0.0,0.0,0.0,0.0,AVOID_PERSON,real_media,mixkit_table_06.mp4,110.0,AVOID_PERSON,0,balanced_A,occlusion
1.0,0.0,0.0,0.0,0.0,0.0,0.796923816204071,0.107666015625,0.36875,0.3708333333333333,1.0,0.0,0.0,0.0,0.0,0.0,0.7504014372825623,0.0717447916666666,-0.409375,0.3416666666666667,1.0,0.0,0.0,0.0,0.0,0.0,0.6458969712257385,0.0759244791666666,-0.384375,-0.4125,1.0,0.0,0.0,0.0,0.0,0.0,1.0,0.0,0.0,0.0,0.0,0.0,0.0,AVOID_PERSON,real_media,mixkit_table_06.mp4,795.0,AVOID_PERSON,0,balanced_A,occlusion
1.0,0.0,0.0,0.0,0.0,0.0,0.9123515486717224,0.1768880208333333,0.1625,-0.5416666666666666,0.0,0.0,0.0,0.0,0.0,1.0,0.6758474111557007,0.10486328125,-0.1625,-0.0208333333333333,0.0,0.0,0.0,0.0,0.0,1.0,0.6404027938842773,0.1168782552083333,-0.484375,0.5041666666666667,0.0,1.0,0.0,0.0,0.0,1.0,1.0,0.0,0.0,0.0,0.0,0.0,0.0,AVOID_PERSON,real_media,mixkit_table_05.mp4,105.0,AVOID_PERSON,0,balanced_A,mixed
1.0,0.0,0.0,0.0,0.0,0.0,0.922467052936554,0.1408170572916666,0.246875,-0.625,0.0,0.0,0.0,0.0,0.0,1.0,0.4136053621768951,0.785068359375,-0.00625,0.1916666666666666,0.0,1.0,0.0,0.0,0.0,0.0,0.2874383330345154,0.085244140625,0.79375,0.0666666666666666,0.0,1.0,0.0,0.0,0.0,1.0,1.0,0.0,0.0,0.0,0.0,0.0,0.0,AVOID_PERSON,real_media,mixkit_table_05.mp4,65.0,AVOID_PERSON,0,balanced_A,mixed
1.0,0.0,0.0,0.0,0.0,0.0,0.8851538300514221,0.1128515625,0.165625,-0.6625,0.0,0.0,0.0,0.0,0.0,1.0,0.3878329992294311,0.72021484375,-0.025,0.25,0.0,0.0,0.0,0.0,0.0,1.0,0.6430467367172241,0.0996614583333333,-0.271875,-0.0208333333333333,0.0,1.0,0.0,0.0,0.0,1.0,1.0,0.0,0.0,0.0,0.0,0.0,0.0,AVOID_PERSON,real_media,mixkit_table_05.mp4,180.0,AVOID_PERSON,0,balanced_A,mixed
1.0,0.0,0.0,0.0,0.0,0.0,0.8511220812797546,0.124609375,0.203125,-0.6583333333333333,0.0,1.0,0.0,0.0,0.0,0.0,0.3207976818084717,0.01703125,-0.115625,-0.6833333333333333,0.0,0.0,0.0,0.0,0.0,1.0,0.3424155414104461,0.670625,-0.075,0.2666666666666666,0.0,1.0,0.0,0.0,0.0,1.0,1.0,0.0,0.0,0.0,0.0,0.0,0.0,AVOID_PERSON,real_media,mixkit_table_05.mp4,220.0,AVOID_PERSON,0,balanced_A,mixed
1.0,0.0,0.0,0.0,0.0,0.0,0.8621673583984375,0.1065266927083333,0.371875,0.3666666666666666,1.0,0.0,0.0,0.0,0.0,0.0,0.8713682293891907,0.09388671875,-0.36875,0.275,1.0,0.0,0.0,0.0,0.0,0.0,0.684352457523346,0.1061197916666666,-0.321875,-0.3583333333333333,1.0,0.0,0.0,0.0,0.0,0.0,1.0,0.0,0.0,0.0,0.0,0.0,0.0,AVOID_PERSON,real_media,mixkit_table_06.mp4,570.0,AVOID_PERSON,0,balanced_A,occlusion
1.0,0.0,0.0,0.0,0.0,0.0,0.8237640857696533,0.1097395833333333,0.38125,0.35,1.0,0.0,0.0,0.0,0.0,0.0,0.8264923691749573,0.0982194010416666,-0.365625,0.2958333333333333,1.0,0.0,0.0,0.0,0.0,0.0,0.6651900410652161,0.0885709635416666,-0.31875,-0.4416666666666666,1.0,0.0,0.0,0.0,0.0,0.0,1.0,0.0,0.0,0.0,0.0,0.0,0.0,AVOID_PERSON,real_media,mixkit_table_06.mp4,470.0,AVOID_PERSON,0,balanced_A,occlusion
1.0,0.0,0.0,0.0,0.0,0.0,0.8575789928436279,0.3354166666666666,0.421875,-0.0416666666666666,0.0,0.0,0.0,0.0,0.0,1.0,0.7930949330329895,0.0267447916666666,0.915625,-0.0208333333333333,0.0,0.0,0.0,0.0,0.0,1.0,0.782613217830658,0.0238151041666666,0.6125,0.65,0.0,1.0,0.0,0.0,0.0,1.0,1.0,0.0,0.0,0.0,0.0,0.0,0.0,AVOID_PERSON,real_media,mixkit_table_05.mp4,15.0,AVOID_PERSON,0,balanced_A,mixed
1.0,0.0,0.0,0.0,0.0,0.0,0.7482471466064453,0.1144010416666666,0.35625,0.3625,1.0,0.0,0.0,0.0,0.0,0.0,0.7501960396766663,0.0709895833333333,-0.40625,0.3333333333333333,1.0,0.0,0.0,0.0,0.0,0.0,0.6714504957199097,0.0751497395833333,-0.384375,-0.4166666666666667,1.0,0.0,0.0,0.0,0.0,0.0,1.0,0.0,0.0,0.0,0.0,0.0,0.0,AVOID_PERSON,real_media,mixkit_table_06.mp4,835.0,AVOID_PERSON,0,balanced_A,occlusion
1.0,0.0,0.0,0.0,0.0,0.0,0.8724325299263,0.0873274739583333,-0.359375,0.3291666666666666,1.0,0.0,0.0,0.0,0.0,0.0,0.7250566482543945,0.10861328125,0.390625,0.3458333333333333,1.0,0.0,0.0,0.0,0.0,0.0,0.6578353643417358,0.0837890625,-0.3875,-0.4708333333333333,0.0,1.0,0.0,0.0,0.0,1.0,1.0,0.0,0.0,0.0,0.0,0.0,0.0,AVOID_PERSON,real_media,mixkit_table_06.mp4,255.0,AVOID_PERSON,0,balanced_A,occlusion
1.0,0.0,0.0,0.0,0.0,0.0,0.8428398370742798,0.103515625,0.396875,0.325,1.0,0.0,0.0,0.0,0.0,0.0,0.8126778602600098,0.0872265625,-0.415625,0.3666666666666666,1.0,0.0,0.0,0.0,0.0,0.0,0.7298087477684021,0.0712923177083333,-0.390625,-0.4416666666666666,1.0,0.0,0.0,0.0,0.0,0.0,1.0,0.0,0.0,0.0,0.0,0.0,0.0,AVOID_PERSON,real_media,mixkit_table_06.mp4,1110.0,AVOID_PERSON,0,balanced_A,occlusion
1.0,0.0,0.0,0.0,0.0,0.0,0.869512140750885,0.1071354166666666,0.371875,0.3708333333333333,1.0,0.0,0.0,0.0,0.0,0.0,0.8517443537712097,0.09052734375,-0.371875,0.2875,1.0,0.0,0.0,0.0,0.0,0.0,0.8134806752204895,0.0880859375,-0.31875,-0.4333333333333333,1.0,0.0,0.0,0.0,0.0,0.0,1.0,0.0,0.0,0.0,0.0,0.0,0.0,AVOID_PERSON,real_media,mixkit_table_06.mp4,585.0,AVOID_PERSON,0,balanced_A,occlusion
1.0,0.0,0.0,0.0,0.0,0.0,0.7222830057144165,0.0247916666666666,0.234375,0.7125,0.0,1.0,0.0,0.0,0.0,0.0,0.7887914776802063,0.01435546875,0.05,0.85,1.0,0.0,0.0,0.0,0.0,0.0,0.6179276704788208,0.0201009114583333,0.634375,0.5833333333333334,1.0,0.0,0.0,0.0,0.0,0.0,1.0,0.0,0.0,0.0,0.0,0.0,0.0,AVOID_PERSON,real_media,mixkit_table_07.mp4,180.0,AVOID_PERSON,0,balanced_A,occlusion
1.0,0.0,0.0,0.0,0.0,0.0,0.7383333444595337,0.1212239583333333,0.3625,0.3666666666666666,1.0,0.0,0.0,0.0,0.0,0.0,0.741242527961731,0.069765625,-0.409375,0.3333333333333333,1.0,0.0,0.0,0.0,0.0,0.0,0.6195054054260254,0.073828125,-0.384375,-0.425,1.0,0.0,0.0,0.0,0.0,0.0,1.0,0.0,0.0,0.0,0.0,0.0,0.0,AVOID_PERSON,real_media,mixkit_table_06.mp4,865.0,AVOID_PERSON,0,balanced_A,occlusion
1.0,0.0,0.0,0.0,0.0,0.0,0.6550775766372681,0.0256640625,0.621875,0.65,0.0,1.0,0.0,0.0,0.0,0.0,0.749121367931366,0.0157421875,-0.20625,0.8333333333333334,1.0,0.0,0.0,0.0,0.0,0.0,0.5483517050743103,0.015234375,-0.890625,-0.1291666666666666,0.0,0.0,1.0,0.0,0.0,1.0,1.0,0.0,0.0,0.0,0.0,0.0,0.0,MOVE_TO_CHAIR,real_media,mixkit_table_07.mp4,85.0,MOVE_TO_CHAIR,0,balanced_A,occlusion
1.0,0.0,0.0,0.0,0.0,0.0,0.7461211085319519,0.01259765625,-0.871875,-0.1458333333333333,1.0,0.0,0.0,0.0,0.0,0.0,0.7176519632339478,0.017626953125,-0.590625,-0.0583333333333333,0.0,1.0,0.0,0.0,0.0,0.0,0.7485461831092834,0.016953125,0.11875,0.8208333333333333,0.0,0.0,1.0,0.0,0.0,1.0,1.0,0.0,0.0,0.0,0.0,0.0,0.0,MOVE_TO_CHAIR,real_media,mixkit_table_07.mp4,340.0,MOVE_TO_CHAIR,0,balanced_A,occlusion
1.0,0.0,0.0,0.0,0.0,0.0,0.7583487629890442,0.0211360677083333,-0.540625,0.1625,1.0,0.0,0.0,0.0,0.0,0.0,0.672347903251648,0.006142578125,0.165625,0.0041666666666666,1.0,0.0,0.0,0.0,0.0,0.0,0.6512904763221741,0.024375,0.628125,0.6375,0.0,0.0,0.0,1.0,0.0,1.0,1.0,0.0,0.0,0.0,0.0,0.0,0.0,MOVE_TO_CHAIR,real_media,mixkit_table_07.mp4,110.0,MOVE_TO_CHAIR,0,balanced_A,occlusion
1.0,0.0,0.0,0.0,0.0,0.0,0.5935914516448975,0.0240006510416666,0.65625,0.5791666666666667,0.0,1.0,0.0,0.0,0.0,0.0,0.6749439835548401,0.01634765625,0.090625,0.825,1.0,0.0,0.0,0.0,0.0,0.0,0.498517632484436,0.0147330729166666,-0.596875,-0.1958333333333333,0.0,0.0,1.0,0.0,0.0,1.0,1.0,0.0,0.0,0.0,0.0,0.0,0.0,MOVE_TO_CHAIR,real_media,mixkit_table_07.mp4,220.0,MOVE_TO_CHAIR,0,balanced_A,occlusion
1.0,0.0,0.0,0.0,0.0,0.0,0.738323450088501,0.0041666666666666,0.18125,0.0458333333333333,1.0,0.0,0.0,0.0,0.0,0.0,0.6698451638221741,0.0240364583333333,-0.625,-0.0666666666666666,1.0,0.0,0.0,0.0,0.0,0.0,0.6187371015548706,0.01853515625,-0.940625,-0.1458333333333333,1.0,0.0,0.0,0.0,0.0,0.0,1.0,0.0,0.0,0.0,0.0,0.0,0.0,MOVE_TO_CHAIR,real_media,mixkit_table_07.mp4,250.0,MOVE_TO_CHAIR,0,balanced_A,occlusion
1.0,0.0,0.0,0.0,0.0,0.0,0.6353089213371277,0.0171875,0.915625,-0.025,0.0,1.0,0.0,0.0,0.0,0.0,0.780511200428009,0.0130696614583333,0.11875,0.8416666666666667,1.0,0.0,0.0,0.0,0.0,0.0,0.6314566731452942,0.0040625,0.134375,0.0458333333333333,0.0,0.0,1.0,0.0,0.0,1.0,1.0,0.0,0.0,0.0,0.0,0.0,0.0,MOVE_TO_CHAIR,real_media,mixkit_table_07.mp4,45.0,MOVE_TO_CHAIR,0,balanced_A,occlusion
1.0,0.0,0.0,0.0,0.0,0.0,0.6559280157089233,0.0290592447916666,0.625,0.6666666666666666,1.0,0.0,0.0,0.0,0.0,0.0,0.6637485027313232,0.0203125,-0.2125,0.5916666666666667,1.0,0.0,0.0,0.0,0.0,0.0,0.6270039677619934,0.0088802083333333,-0.25,-0.575,0.0,0.0,1.0,0.0,0.0,1.0,1.0,0.0,0.0,0.0,0.0,0.0,0.0,MOVE_TO_CHAIR,real_media,mixkit_table_07.mp4,80.0,MOVE_TO_CHAIR,0,balanced_A,occlusion
1.0,0.0,0.0,0.0,0.0,0.0,0.5493305921554565,0.0045703125,0.165625,0.0375,1.0,0.0,0.0,0.0,0.0,0.0,0.5205804109573364,0.0122135416666666,0.78125,0.1375,1.0,0.0,0.0,0.0,0.0,0.0,0.5063908696174622,0.0227994791666666,0.646875,0.5958333333333333,0.0,0.0,1.0,0.0,0.0,1.0,1.0,0.0,0.0,0.0,0.0,0.0,0.0,MOVE_TO_CHAIR,real_media,mixkit_table_07.mp4,205.0,MOVE_TO_CHAIR,0,balanced_A,occlusion
0.0,1.0,0.0,0.0,0.0,0.0,0.7147539854049683,0.01681640625,0.1125,0.825,1.0,0.0,0.0,0.0,0.0,0.0,0.5188365578651428,0.024609375,0.678125,0.5875,1.0,0.0,0.0,0.0,0.0,0.0,0.5178796052932739,0.0146484375,-0.859375,-0.15,0.0,0.0,1.0,0.0,0.0,1.0,1.0,0.0,0.0,0.0,0.0,0.0,0.0,MOVE_TO_CHAIR,real_media,mixkit_table_07.mp4,315.0,MOVE_TO_CHAIR,0,balanced_A,occlusion
1.0,0.0,0.0,0.0,0.0,0.0,0.653231143951416,0.0233430989583333,0.625,0.6416666666666667,1.0,0.0,0.0,0.0,0.0,0.0,0.6307111978530884,0.0072916666666666,0.7625,0.1,1.0,0.0,0.0,0.0,0.0,0.0,0.5709839463233948,0.0210546875,0.89375,0.575,1.0,0.0,0.0,0.0,0.0,0.0,1.0,0.0,0.0,0.0,0.0,0.0,0.0,MOVE_TO_CHAIR,real_media,mixkit_table_07.mp4,95.0,MOVE_TO_CHAIR,0,balanced_A,occlusion
1.0,0.0,0.0,0.0,0.0,0.0,0.5528343319892883,0.01421875,-0.8625,-0.1458333333333333,0.0,1.0,0.0,0.0,0.0,0.0,0.6808050870895386,0.017021484375,0.1125,0.8208333333333333,1.0,0.0,0.0,0.0,0.0,0.0,0.5172340273857117,0.024267578125,0.678125,0.5916666666666667,0.0,0.0,1.0,0.0,0.0,1.0,1.0,0.0,0.0,0.0,0.0,0.0,0.0,MOVE_TO_CHAIR,real_media,mixkit_table_07.mp4,305.0,MOVE_TO_CHAIR,0,balanced_A,occlusion
1.0,0.0,0.0,0.0,0.0,0.0,0.7793077826499939,0.019013671875,-0.6,-0.0583333333333333,1.0,0.0,0.0,0.0,0.0,0.0,0.6567346453666687,0.014775390625,-0.86875,-0.1458333333333333,1.0,0.0,0.0,0.0,0.0,0.0,0.5803747773170471,0.024140625,0.671875,0.5875,1.0,0.0,0.0,0.0,0.0,0.0,1.0,0.0,0.0,0.0,0.0,0.0,0.0,MOVE_TO_CHAIR,real_media,mixkit_table_07.mp4,290.0,MOVE_TO_CHAIR,0,balanced_A,occlusion
1.0,0.0,0.0,0.0,0.0,0.0,0.8851336240768433,0.0290625,-0.66875,0.6958333333333333,1.0,0.0,0.0,0.0,0.0,0.0,0.6377254128456116,0.0091145833333333,-0.64375,-0.1791666666666666,1.0,0.0,0.0,0.0,0.0,0.0,0.6083956360816956,0.0113216145833333,0.9375,-0.025,1.0,0.0,0.0,0.0,0.0,0.0,1.0,0.0,0.0,0.0,0.0,0.0,0.0,MOVE_TO_CHAIR,real_media,mixkit_table_07.mp4,5.0,MOVE_TO_CHAIR,0,balanced_A,occlusion
1.0,0.0,0.0,0.0,0.0,0.0,0.7544956803321838,0.0179036458333333,-0.590625,-0.0666666666666666,1.0,0.0,0.0,0.0,0.0,0.0,0.605151891708374,0.014609375,-0.8625,-0.1458333333333333,0.0,1.0,0.0,0.0,0.0,0.0,0.7316993474960327,0.0167513020833333,0.115625,0.8208333333333333,0.0,0.0,1.0,0.0,0.0,1.0,1.0,0.0,0.0,0.0,0.0,0.0,0.0,MOVE_TO_CHAIR,real_media,mixkit_table_07.mp4,320.0,MOVE_TO_CHAIR,0,balanced_A,occlusion
1.0,0.0,0.0,0.0,0.0,0.0,0.781816840171814,0.0188802083333333,-0.9375,-0.0916666666666666,1.0,0.0,0.0,0.0,0.0,0.0,0.642500638961792,0.0165234375,-0.603125,-0.0583333333333333,1.0,0.0,0.0,0.0,0.0,0.0,0.6354383230209351,0.0081184895833333,0.928125,0.5041666666666667,0.0,0.0,1.0,0.0,0.0,1.0,1.0,0.0,0.0,0.0,0.0,0.0,0.0,MOVE_TO_CHAIR,real_media,mixkit_table_07.mp4,265.0,MOVE_TO_CHAIR,0,balanced_A,occlusion
1.0,0.0,0.0,0.0,0.0,0.0,0.7793636322021484,0.0074479166666666,-0.26875,-0.5666666666666667,1.0,0.0,0.0,0.0,0.0,0.0,0.6440132260322571,0.0124283854166666,0.640625,-0.0666666666666666,1.0,0.0,0.0,0.0,0.0,0.0,0.5972654223442078,0.022236328125,0.61875,0.6333333333333333,1.0,0.0,0.0,0.0,0.0,0.0,1.0,0.0,0.0,0.0,0.0,0.0,0.0,MOVE_TO_CHAIR,real_media,mixkit_table_07.mp4,65.0,MOVE_TO_CHAIR,0,balanced_A,occlusion
1.0,0.0,0.0,0.0,0.0,0.0,0.7128072381019592,0.0176822916666666,-0.5875,-0.0625,1.0,0.0,0.0,0.0,0.0,0.0,0.642379641532898,0.013310546875,0.171875,-0.1083333333333333,1.0,0.0,0.0,0.0,0.0,0.0,0.5588262677192688,0.0244759114583333,0.684375,0.5833333333333334,0.0,0.0,1.0,0.0,0.0,1.0,1.0,0.0,0.0,0.0,0.0,0.0,0.0,MOVE_TO_CHAIR,real_media,mixkit_table_07.mp4,345.0,MOVE_TO_CHAIR,0,balanced_A,occlusion
1.0,0.0,0.0,0.0,0.0,0.0,0.7517300844192505,0.0188216145833333,-0.596875,-0.0541666666666666,1.0,0.0,0.0,0.0,0.0,0.0,0.6636515259742737,0.01494140625,-0.865625,-0.1458333333333333,1.0,0.0,0.0,0.0,0.0,0.0,0.5846855044364929,0.0046712239583333,0.1875,0.0375,0.0,0.0,1.0,0.0,0.0,1.0,1.0,0.0,0.0,0.0,0.0,0.0,0.0,MOVE_TO_CHAIR,real_media,mixkit_table_07.mp4,295.0,MOVE_TO_CHAIR,0,balanced_A,occlusion
1.0,0.0,0.0,0.0,0.0,0.0,0.661487340927124,0.02869140625,0.640625,0.6583333333333333,1.0,0.0,0.0,0.0,0.0,0.0,0.6137486696243286,0.004443359375,0.15,0.0375,1.0,0.0,0.0,0.0,0.0,0.0,0.5586293935775757,0.0193359375,0.259375,0.7875,0.0,0.0,1.0,0.0,0.0,1.0,1.0,0.0,0.0,0.0,0.0,0.0,0.0,MOVE_TO_CHAIR,real_media,mixkit_table_07.mp4,130.0,MOVE_TO_CHAIR,0,balanced_A,occlusion
1.0,0.0,0.0,0.0,0.0,0.0,0.6501374244689941,0.0167350260416666,-0.603125,-0.0541666666666666,1.0,0.0,0.0,0.0,0.0,0.0,0.6034881472587585,0.0264485677083333,-0.9,-0.1125,1.0,0.0,0.0,0.0,0.0,0.0,0.5721888542175293,0.0243815104166666,0.6625,0.5916666666666667,0.0,0.0,1.0,0.0,0.0,1.0,1.0,0.0,0.0,0.0,0.0,0.0,0.0,MOVE_TO_CHAIR,real_media,mixkit_table_07.mp4,260.0,MOVE_TO_CHAIR,0,balanced_A,occlusion
1.0,0.0,0.0,0.0,0.0,0.0,0.6618272662162781,0.027822265625,0.640625,0.6541666666666667,1.0,0.0,0.0,0.0,0.0,0.0,0.6522241234779358,0.019921875,0.259375,0.7833333333333333,1.0,0.0,0.0,0.0,0.0,0.0,0.6348156929016113,0.0128743489583333,-0.525,-0.225,0.0,0.0,1.0,0.0,0.0,1.0,1.0,0.0,0.0,0.0,0.0,0.0,0.0,MOVE_TO_CHAIR,real_media,mixkit_table_07.mp4,135.0,MOVE_TO_CHAIR,0,balanced_A,occlusion
1.0,0.0,0.0,0.0,0.0,0.0,0.5587874054908752,0.02880859375,0.68125,0.6208333333333333,1.0,0.0,0.0,0.0,0.0,0.0,0.5438974499702454,0.0154036458333333,-0.85625,-0.15,0.0,1.0,0.0,0.0,0.0,0.0,0.6713698506355286,0.0175,0.1125,0.8208333333333333,0.0,0.0,1.0,0.0,0.0,1.0,1.0,0.0,0.0,0.0,0.0,0.0,0.0,MOVE_TO_CHAIR,real_media,mixkit_table_07.mp4,310.0,MOVE_TO_CHAIR,0,balanced_A,occlusion
1.0,0.0,0.0,0.0,0.0,0.0,0.853493332862854,0.0326953125,-0.621875,0.6125,1.0,0.0,0.0,0.0,0.0,0.0,0.7776804566383362,0.0135026041666666,-0.478125,0.8666666666666667,1.0,0.0,0.0,0.0,0.0,0.0,0.6722731590270996,0.020947265625,-0.3375,0.6791666666666667,0.0,0.0,1.0,0.0,0.0,1.0,1.0,0.0,0.0,0.0,0.0,0.0,0.0,MOVE_TO_CHAIR,real_media,mixkit_table_07.mp4,10.0,MOVE_TO_CHAIR,0,balanced_A,occlusion
1.0,0.0,0.0,0.0,0.0,0.0,0.6806913018226624,0.0148111979166666,-0.8625,-0.15,1.0,0.0,0.0,0.0,0.0,0.0,0.6595234274864197,0.0180826822916666,-0.615625,-0.0666666666666666,0.0,1.0,0.0,0.0,0.0,0.0,0.7108230590820312,0.0164811197916666,0.115625,0.8208333333333333,0.0,0.0,1.0,0.0,0.0,1.0,1.0,0.0,0.0,0.0,0.0,0.0,0.0,MOVE_TO_CHAIR,real_media,mixkit_table_07.mp4,325.0,MOVE_TO_CHAIR,0,balanced_A,occlusion
1.0,0.0,0.0,0.0,0.0,0.0,0.8610571026802063,0.034423828125,-0.5625,0.7,1.0,0.0,0.0,0.0,0.0,0.0,0.7985444664955139,0.0222786458333333,-0.2125,0.7541666666666667,1.0,0.0,0.0,0.0,0.0,0.0,0.5987958908081055,0.0254264322916666,0.628125,0.65,0.0,0.0,1.0,0.0,0.0,1.0,1.0,0.0,0.0,0.0,0.0,0.0,0.0,MOVE_TO_CHAIR,real_media,mixkit_table_07.mp4,90.0,MOVE_TO_CHAIR,0,balanced_A,occlusion
0.0,0.0,0.0,0.0,0.0,0.0,0.0,0.0,0.0,0.0,0.0,0.0,0.0,0.0,0.0,0.0,0.0,0.0,0.0,0.0,0.0,0.0,0.0,0.0,0.0,0.0,0.0,0.0,0.0,0.0,0.0,0.0,1.0,0.0,0.0,1.0,0.0,0.0,0.0,0.0,0.0,0.0,0.0,CHECK_TABLE,real_media,g_batchG_office_computer_1536_360p.mp4,120.0,CHECK_TABLE,0,balanced_A,table_focus_clutter
0.0,0.0,0.0,0.0,0.0,1.0,0.3682274399518083,0.3765246967582904,-0.12453948730087366,0.4877332670127686,0.0,0.0,0.0,0.0,0.0,0.0,0.0,0.008793979748628286,0.027183751504808732,0.01670222491829157,0.0,0.0,0.0,0.0,0.0,0.0,0.0077779193542894835,0.0006603069756121604,0.007137421182990187,0.029266057824391237,0.0,0.0,0.0,0.0,1.0,0.9940929298603651,0.3364893833692367,0.0,0.0,0.0,0.0,0.0,0.0,CHECK_TABLE,rebalance,g_batchG_table_finances_closeup_360p.mp4,105.0,CHECK_TABLE,0,balanced_A,balanced_auto
0.0,0.0,0.0,0.0,0.0,1.0,0.3477575182914734,0.37783203125,-0.140625,0.475,0.0,0.0,0.0,0.0,0.0,0.0,0.0,0.0,0.0,0.0,0.0,0.0,0.0,0.0,0.0,0.0,0.0,0.0,0.0,0.0,0.0,0.0,0.0,0.0,1.0,1.0,0.3333333333333333,0.0,0.0,0.0,0.0,0.0,0.0,CHECK_TABLE,real_media,g_batchG_table_finances_closeup_360p.mp4,20.0,CHECK_TABLE,0,balanced_A,table_focus_clutter
0.0,0.0,0.0,0.0,0.0,1.0,0.2885150611400604,0.0054752604166666,0.15,0.6208333333333333,0.0,0.0,0.0,0.0,0.0,0.0,0.0,0.0,0.0,0.0,0.0,0.0,0.0,0.0,0.0,0.0,0.0,0.0,0.0,0.0,0.0,1.0,0.0,0.0,0.0,1.0,0.3333333333333333,0.0,0.0,0.0,0.0,0.0,0.0,CHECK_TABLE,real_media,g_batchG_office_computer_1536_360p.mp4,200.0,CHECK_TABLE,0,balanced_A,table_focus_clutter
0.0,0.0,0.0,0.0,0.0,1.0,0.3031877279281616,0.2281575520833333,0.190625,0.4708333333333333,0.0,0.0,0.0,0.0,0.0,0.0,0.0,0.0,0.0,0.0,0.0,0.0,0.0,0.0,0.0,0.0,0.0,0.0,0.0,0.0,1.0,0.0,0.0,0.0,0.0,0.0,0.3333333333333333,0.0,0.0,0.0,0.0,0.0,0.0,CHECK_TABLE,real_media,g_batchG_table_finances_closeup_360p.mp4,165.0,CHECK_TABLE,0,balanced_A,table_focus_clutter
0.0,0.0,0.0,0.0,0.0,1.0,0.2954101264476776,0.0052864583333333,0.18125,0.6625,0.0,0.0,0.0,0.0,0.0,0.0,0.0,0.0,0.0,0.0,0.0,0.0,0.0,0.0,0.0,0.0,0.0,0.0,0.0,0.0,0.0,0.0,0.0,1.0,0.0,1.0,0.3333333333333333,0.0,0.0,0.0,0.0,0.0,0.0,CHECK_TABLE,real_media,g_batchG_office_computer_1536_360p.mp4,140.0,CHECK_TABLE,0,balanced_A,table_focus_clutter
0.0,0.0,0.0,0.0,0.0,1.0,0.3035840515279389,0.27901516538307386,0.08840479022046116,0.4608474213625503,0.0,0.0,0.0,0.0,0.0,0.0,0.0021868859672901295,0.008714287779481899,-0.02369887532834049,-0.019302335244647438,0.0,0.0,0.0,0.0,0.0,0.0,0.002235955487746823,0.006789135630718949,-0.014504521290715064,0.04256939464870329,0.0,0.0,0.0,0.0,1.0,0.9853295475460901,0.3546258044536163,0.0,0.0,0.0,0.0,0.0,0.0,CHECK_TABLE,rebalance,g_batchG_table_finances_closeup_360p.mp4,35.0,CHECK_TABLE,0,balanced_A,balanced_auto
0.0,0.0,0.0,0.0,0.0,1.0,0.27127205579547387,0.31258590604261793,-0.5333071452035937,0.2919247306854704,0.0,0.0,0.0,0.0,0.0,0.0,0.0,0.006159794225754957,-0.0028158177283277054,0.02131960461575287,0.0,0.0,0.0,0.0,0.0,0.0,0.011289722927208916,0.0,0.0031409713489068923,-0.003172696740773766,1.0,0.0,0.0,0.0,0.0,0.0,0.32456472555165744,0.0,0.0,0.0,0.0,0.0,0.0,CHECK_TABLE,rebalance,g_batchG_office_computer_1536_360p.mp4,5.0,CHECK_TABLE,0,balanced_A,balanced_auto
0.0,0.0,0.0,0.0,0.0,1.0,0.3827912211418152,0.37640625,-0.13125,0.4791666666666667,0.0,0.0,0.0,0.0,0.0,0.0,0.0,0.0,0.0,0.0,0.0,0.0,0.0,0.0,0.0,0.0,0.0,0.0,0.0,0.0,0.0,0.0,0.0,1.0,0.0,1.0,0.3333333333333333,0.0,0.0,0.0,0.0,0.0,0.0,CHECK_TABLE,real_media,g_batchG_table_finances_closeup_360p.mp4,110.0,CHECK_TABLE,0,balanced_A,table_focus_clutter
0.0,0.0,0.0,0.0,0.0,1.0,0.4030646540428763,0.38153389820890743,-0.08327111415515595,0.4611924196924635,0.0,0.0,0.0,0.0,0.0,0.0,0.0,0.0,-0.017894540379116527,0.012866535893780888,0.0,0.0,0.0,0.0,0.0,0.0,0.0,0.0,-0.007892102457191793,-0.00010243733440142592,0.0,0.0,1.0,0.0,0.0,1.0,0.3376809940779995,0.0,0.0,0.0,0.0,0.0,0.0,CHECK_TABLE,rebalance,g_batchG_table_finances_closeup_360p.mp4,255.0,CHECK_TABLE,0,balanced_A,balanced_auto
0.0,0.0,0.0,0.0,0.0,1.0,0.2870504856109619,0.3647526041666666,-0.1125,0.4791666666666667,0.0,0.0,0.0,0.0,0.0,0.0,0.0,0.0,0.0,0.0,0.0,0.0,0.0,0.0,0.0,0.0,0.0,0.0,0.0,0.0,0.0,0.0,0.0,1.0,0.0,1.0,0.3333333333333333,0.0,0.0,0.0,0.0,0.0,0.0,CHECK_TABLE,real_media,g_batchG_table_finances_closeup_360p.mp4,50.0,CHECK_TABLE,0,balanced_A,table_focus_clutter
0.0,0.0,0.0,0.0,0.0,1.0,0.4068339101349676,0.3798573398202332,-0.12892773358448772,0.5001031174080601,0.0,0.0,0.0,0.0,0.0,0.0,0.006312882258385404,0.0,-0.01805854356174053,0.018631460257484883,0.0,0.0,0.0,0.0,0.0,0.0,0.0,0.0,0.007699019322117263,-0.0031327579531618085,0.0,0.0,1.0,0.0,0.0,0.9871257741872597,0.3223654775487869,0.0,0.0,0.0,0.0,0.0,0.0,CHECK_TABLE,rebalance,g_batchG_table_finances_closeup_360p.mp4,255.0,CHECK_TABLE,0,balanced_A,balanced_auto
0.0,0.0,0.0,0.0,0.0,1.0,0.3713898658752441,0.3766927083333333,-0.128125,0.4833333333333333,0.0,0.0,0.0,0.0,0.0,0.0,0.0,0.0,0.0,0.0,0.0,0.0,0.0,0.0,0.0,0.0,0.0,0.0,0.0,0.0,0.0,0.0,0.0,0.0,1.0,1.0,0.3333333333333333,0.0,0.0,0.0,0.0,0.0,0.0,CHECK_TABLE,real_media,g_batchG_table_finances_closeup_360p.mp4,105.0,CHECK_TABLE,0,balanced_A,table_focus_clutter
0.0,0.0,0.0,0.0,0.0,1.0,0.3012624382972717,0.2778483072916666,0.06875,0.4708333333333333,0.0,0.0,0.0,0.0,0.0,0.0,0.0,0.0,0.0,0.0,0.0,0.0,0.0,0.0,0.0,0.0,0.0,0.0,0.0,0.0,0.0,0.0,0.0,0.0,1.0,1.0,0.3333333333333333,0.0,0.0,0.0,0.0,0.0,0.0,CHECK_TABLE,real_media,g_batchG_table_finances_closeup_360p.mp4,35.0,CHECK_TABLE,0,balanced_A,table_focus_clutter
0.0,0.0,0.0,0.0,0.0,1.0,0.2927878868657567,0.23566206404139786,0.18003514581872393,0.4754868575604274,0.0,0.0,0.0,0.0,0.0,0.0,0.009405647163912139,0.0,0.0004370429104688576,0.03203557782641831,0.0,0.0,0.0,0.0,0.0,0.0,0.0,0.0012784040316728537,-0.004787112549460485,-0.0204699498524373,1.0,0.0,0.0,0.0,0.0,0.0,0.3186989133149633,0.0,0.0,0.0,0.0,0.0,0.0,CHECK_TABLE,rebalance,g_batchG_table_finances_closeup_360p.mp4,165.0,CHECK_TABLE,0,balanced_A,balanced_auto
0.0,0.0,0.0,0.0,0.0,1.0,0.3624806404113769,0.2953125,0.04375,0.475,0.0,0.0,0.0,0.0,0.0,0.0,0.0,0.0,0.0,0.0,0.0,0.0,0.0,0.0,0.0,0.0,0.0,0.0,0.0,0.0,0.0,0.0,0.0,0.0,1.0,1.0,0.3333333333333333,0.0,0.0,0.0,0.0,0.0,0.0,CHECK_TABLE,real_media,g_batchG_table_finances_closeup_360p.mp4,245.0,CHECK_TABLE,0,balanced_A,table_focus_clutter
0.0,0.0,0.0,0.0,0.0,1.0,0.2567042410373688,0.0057584635416666,0.165625,0.6333333333333333,0.0,0.0,0.0,0.0,0.0,0.0,0.0,0.0,0.0,0.0,0.0,0.0,0.0,0.0,0.0,0.0,0.0,0.0,0.0,0.0,0.0,1.0,0.0,0.0,0.0,1.0,0.3333333333333333,0.0,0.0,0.0,0.0,0.0,0.0,CHECK_TABLE,real_media,g_batchG_office_computer_1536_360p.mp4,170.0,CHECK_TABLE,0,balanced_A,table_focus_clutter
0.0,0.0,0.0,0.0,0.0,1.0,0.3075219392776489,0.37212890625,-0.128125,0.475,0.0,0.0,0.0,0.0,0.0,1.0,0.2827483415603637,0.0764811197916666,0.70625,-0.1625,0.0,0.0,0.0,0.0,0.0,0.0,0.0,0.0,0.0,0.0,0.0,1.0,0.0,0.0,0.0,1.0,0.6666666666666666,0.0,0.0,0.0,0.0,0.0,0.0,CHECK_TABLE,real_media,g_batchG_table_finances_closeup_360p.mp4,30.0,CHECK_TABLE,0,balanced_A,table_focus_clutter
0.0,0.0,0.0,0.0,0.0,1.0,0.2949108673378151,0.0034378346978806945,0.17680554605802454,0.6330838741099468,0.0,0.0,0.0,0.0,0.0,0.0,0.0,0.012225413386740302,-0.020311581624150834,0.006270276949003906,0.0,0.0,0.0,0.0,0.0,0.0,0.0,0.0,0.016762531357887623,0.03993461783383573,0.0,0.0,0.0,1.0,0.0,0.9934585355993221,0.3118604430359468,0.0,0.0,0.0,0.0,0.0,0.0,CHECK_TABLE,rebalance,g_batchG_office_computer_1536_360p.mp4,140.0,CHECK_TABLE,0,balanced_A,balanced_auto
0.0,0.0,0.0,0.0,0.0,1.0,0.33715071544261016,0.36458212104622517,-0.10722436803860236,0.46646872792747585,0.0,0.0,0.0,0.0,0.0,0.0,0.0,0.0,-0.024376261208472562,-0.017563047338575017,0.0,0.0,0.0,0.0,0.0,0.0,0.0,0.0,-0.006682468814016241,0.018318050847120262,0.0,0.0,0.0,1.0,0.0,0.9862510419163002,0.33095159589358664,0.0,0.0,0.0,0.0,0.0,0.0,CHECK_TABLE,rebalance,g_batchG_table_finances_closeup_360p.mp4,225.0,CHECK_TABLE,0,balanced_A,balanced_auto
0.0,0.0,0.0,0.0,0.0,1.0,0.3877019882202148,0.3711393229166667,-0.13125,0.4833333333333333,0.0,0.0,0.0,0.0,0.0,0.0,0.0,0.0,0.0,0.0,0.0,0.0,0.0,0.0,0.0,0.0,0.0,0.0,0.0,0.0,0.0,0.0,1.0,0.0,0.0,1.0,0.3333333333333333,0.0,0.0,0.0,0.0,0.0,0.0,CHECK_TABLE,real_media,g_batchG_table_finances_closeup_360p.mp4,40.0,CHECK_TABLE,0,balanced_A,table_focus_clutter
0.0,0.0,0.0,0.0,0.0,1.0,0.3290851528724452,0.3772336871725205,-0.145650261086457,0.47470496934500506,0.0,0.0,0.0,0.0,0.0,0.0,0.0,0.0036875078408249887,-0.018531518828110497,-0.007796196063115359,0.0,0.0,0.0,0.0,0.0,0.0,0.0,0.008784503013072726,-0.027533722951126178,0.012703018936288087,1.0,0.0,0.0,0.0,0.0,0.012058536208882337,0.3260424949558972,0.0,0.0,0.0,0.0,0.0,0.0,CHECK_TABLE,rebalance,g_batchG_table_finances_closeup_360p.mp4,195.0,CHECK_TABLE,0,balanced_A,balanced_auto
0.0,0.0,0.0,0.0,0.0,1.0,0.28030781339985766,0.319132590694039,-0.54948938063441,0.2768034826817533,0.0,0.0,0.0,0.0,0.0,0.0,0.006904853540677682,0.0,0.03301855864462499,0.034473314415665944,0.0,0.0,0.0,0.0,0.0,0.0,0.0015853969107671422,0.006255903939673367,-0.003590384265652013,-0.007663746422719755,1.0,0.0,0.0,0.0,0.0,0.0,0.3308805548739122,0.0,0.0,0.0,0.0,0.0,0.0,CHECK_TABLE,rebalance,g_batchG_office_computer_1536_360p.mp4,5.0,CHECK_TABLE,0,balanced_A,balanced_auto
0.0,0.0,0.0,0.0,0.0,1.0,0.3411591947078705,0.2995052083333333,0.03125,0.4708333333333333,0.0,0.0,0.0,0.0,0.0,0.0,0.0,0.0,0.0,0.0,0.0,0.0,0.0,0.0,0.0,0.0,0.0,0.0,0.0,0.0,0.0,0.0,0.0,0.0,1.0,1.0,0.3333333333333333,0.0,0.0,0.0,0.0,0.0,0.0,CHECK_TABLE,real_media,g_batchG_table_finances_closeup_360p.mp4,120.0,CHECK_TABLE,0,balanced_A,table_focus_clutter
0.0,0.0,0.0,0.0,0.0,1.0,0.30289842135100326,0.38070866506257156,-0.12373734997272286,0.4667814553833252,0.0,0.0,0.0,0.0,0.0,1.0,0.2808352983115476,0.06372425655828737,0.7283757742011978,-0.15392487123076773,0.0,0.0,0.0,0.0,0.0,0.0,0.0,0.0,0.03071511983991984,0.003664688744438123,0.0,1.0,0.0,0.0,0.0,1.0,0.6839536431107226,0.0,0.0,0.0,0.0,0.0,0.0,CHECK_TABLE,rebalance,g_batchG_table_finances_closeup_360p.mp4,30.0,CHECK_TABLE,0,balanced_A,balanced_auto
0.0,0.0,0.0,0.0,0.0,1.0,0.3141493201255798,0.386318359375,-0.1375,0.4875,0.0,0.0,0.0,0.0,0.0,0.0,0.0,0.0,0.0,0.0,0.0,0.0,0.0,0.0,0.0,0.0,0.0,0.0,0.0,0.0,0.0,0.0,0.0,0.0,1.0,1.0,0.3333333333333333,0.0,0.0,0.0,0.0,0.0,0.0,EXPLORE,real_media,g_batchG_table_finances_closeup_360p.mp4,180.0,EXPLORE,0,balanced_A,table_focus_clutter
0.0,0.0,0.0,0.0,0.0,1.0,0.3077025931139488,0.4157726115247524,-0.1270162431437446,0.48469215025323775,0.0,0.0,0.0,0.0,0.0,1.0,0.2629777377576206,0.15080692790305233,-0.5001303176778473,-0.10036873539931948,0.0,0.0,0.0,0.0,0.0,0.0,0.0,0.011911429530888652,0.0010870717078076454,-0.009435520672766715,1.0,0.0,0.0,0.0,0.0,0.0,0.6467585467154267,0.0,0.0,0.0,0.0,0.0,0.0,EXPLORE,rebalance,g_batchG_table_finances_closeup_360p.mp4,145.0,EXPLORE,0,balanced_A,balanced_auto
0.0,0.0,0.0,0.0,0.0,1.0,0.3181556165218353,0.2967578125,0.034375,0.475,0.0,0.0,0.0,0.0,0.0,0.0,0.0,0.0,0.0,0.0,0.0,0.0,0.0,0.0,0.0,0.0,0.0,0.0,0.0,0.0,0.0,0.0,0.0,0.0,1.0,1.0,0.3333333333333333,0.0,0.0,0.0,0.0,0.0,0.0,EXPLORE,real_media,g_batchG_table_finances_closeup_360p.mp4,260.0,EXPLORE,0,balanced_A,table_focus_clutter
1.0,0.0,0.0,0.0,0.0,0.0,0.9149516820907592,0.61986328125,-0.0875,0.0958333333333333,0.0,0.0,0.0,0.0,0.0,0.0,0.0,0.0,0.0,0.0,0.0,0.0,0.0,0.0,0.0,0.0,0.0,0.0,0.0,0.0,1.0,0.0,0.0,0.0,0.0,0.0,0.3333333333333333,0.0,0.0,0.0,0.0,0.0,0.0,EXPLORE,real_media,,,EXPLORE,0,balanced_A,
0.0,0.0,0.0,0.0,0.0,1.0,0.3423022031784057,0.3678515625,-0.109375,0.4833333333333333,0.0,0.0,0.0,0.0,0.0,1.0,0.3651998937129974,0.17513671875,-0.33125,-0.0125,0.0,0.0,0.0,0.0,0.0,0.0,0.0,0.0,0.0,0.0,1.0,0.0,0.0,0.0,0.0,0.0,0.6666666666666666,0.0,0.0,0.0,0.0,0.0,0.0,EXPLORE,real_media,g_batchG_table_finances_closeup_360p.mp4,205.0,EXPLORE,0,balanced_A,table_focus_clutter
1.0,0.0,0.0,0.0,0.0,0.0,0.9211634397506714,0.5956640625,-0.13125,0.125,0.0,0.0,0.0,0.0,0.0,0.0,0.0,0.0,0.0,0.0,0.0,0.0,0.0,0.0,0.0,0.0,0.0,0.0,0.0,0.0,1.0,0.0,0.0,0.0,0.0,0.0,0.3333333333333333,0.0,0.0,0.0,0.0,0.0,0.0,EXPLORE,real_media,,,EXPLORE,0,balanced_A,
0.0,0.0,0.0,0.0,0.0,1.0,0.3166424429316934,0.3839030251397769,-0.15461073025130032,0.46140398959199364,0.0,0.0,0.0,0.0,0.0,0.0,0.004390866789295762,0.01743934526167792,-0.007160333761488584,0.01607170038757203,0.0,0.0,0.0,0.0,0.0,0.0,0.004389931587382987,0.00827988176797059,0.034415396623319675,-0.0276436303075408,0.0,0.0,0.0,0.0,1.0,1.0,0.3177237498033889,0.0,0.0,0.0,0.0,0.0,0.0,EXPLORE,rebalance,g_batchG_table_finances_closeup_360p.mp4,55.0,EXPLORE,0,balanced_A,balanced_auto
0.0,0.0,0.0,0.0,0.0,1.0,0.2803448788736004,0.3308637717585475,-0.1279223223969661,0.46143471119689644,0.0,0.0,0.0,0.0,0.0,1.0,0.320365429566679,0.25633600214164187,0.1712386779945548,0.46513565200568185,0.0,0.0,0.0,0.0,0.0,0.0,0.0,0.008638280136981882,0.003955801638837042,0.021784349934215852,0.0,0.0,0.0,1.0,0.0,0.9945650449206737,0.6908708167891406,0.0,0.0,0.0,0.0,0.0,0.0,EXPLORE,rebalance,g_batchG_table_finances_closeup_360p.mp4,25.0,EXPLORE,0,balanced_A,balanced_auto
0.0,0.0,0.0,0.0,0.0,1.0,0.386559784412384,0.281953125,0.05625,0.475,0.0,0.0,0.0,0.0,0.0,0.0,0.0,0.0,0.0,0.0,0.0,0.0,0.0,0.0,0.0,0.0,0.0,0.0,0.0,0.0,1.0,0.0,0.0,0.0,0.0,0.0,0.3333333333333333,0.0,0.0,0.0,0.0,0.0,0.0,EXPLORE,real_media,g_batchG_table_finances_closeup_360p.mp4,5.0,EXPLORE,0,balanced_A,table_focus_clutter
0.0,0.0,0.0,0.0,0.0,1.0,0.29351693735753237,0.38040732512308895,-0.13801725695907713,0.49377816422915105,0.0,0.0,0.0,0.0,0.0,0.0,0.005909063227933546,0.0,-0.016667376118988116,-0.03179134986617938,0.0,0.0,0.0,0.0,0.0,0.0,0.01475949048053509,0.003683566127006584,-0.041459668719825836,-0.022347682259792157,0.0,0.0,0.0,0.0,1.0,0.9911230434428544,0.34669117669653565,0.0,0.0,0.0,0.0,0.0,0.0,EXPLORE,rebalance,g_batchG_table_finances_closeup_360p.mp4,180.0,EXPLORE,0,balanced_A,balanced_auto
0.0,0.0,0.0,0.0,0.0,1.0,0.6269031763076782,0.0052864583333333,0.178125,0.6416666666666667,0.0,0.0,0.0,0.0,0.0,0.0,0.0,0.0,0.0,0.0,0.0,0.0,0.0,0.0,0.0,0.0,0.0,0.0,0.0,0.0,0.0,0.0,0.0,1.0,0.0,1.0,0.3333333333333333,0.0,0.0,0.0,0.0,0.0,0.0,EXPLORE,real_media,g_batchG_office_computer_1536_360p.mp4,155.0,EXPLORE,0,balanced_A,table_focus_clutter
0.0,0.0,0.0,0.0,0.0,1.0,0.3460778981764449,0.378497489408592,-0.12339345063480163,0.458355787883516,0.0,0.0,0.0,0.0,0.0,0.0,0.0,0.00989583934594853,0.00949394176926404,-0.002621733013754532,0.0,0.0,0.0,0.0,0.0,0.0,0.0,0.007823503424176613,-0.036618116516950606,0.01856593983136969,0.0,0.0,0.0,1.0,0.0,0.9970267663730237,0.3343281080634907,0.0,0.0,0.0,0.0,0.0,0.0,EXPLORE,rebalance,g_batchG_table_finances_closeup_360p.mp4,115.0,EXPLORE,0,balanced_A,balanced_auto
0.0,0.0,0.0,0.0,0.0,1.0,0.4189749658107757,0.3739778645833333,-0.128125,0.4875,0.0,0.0,0.0,0.0,0.0,0.0,0.0,0.0,0.0,0.0,0.0,0.0,0.0,0.0,0.0,0.0,0.0,0.0,0.0,0.0,0.0,0.0,0.0,0.0,1.0,1.0,0.3333333333333333,0.0,0.0,0.0,0.0,0.0,0.0,EXPLORE,real_media,g_batchG_table_finances_closeup_360p.mp4,190.0,EXPLORE,0,balanced_A,table_focus_clutter
0.0,0.0,0.0,0.0,0.0,1.0,0.3776129186153412,0.3612174479166666,-0.13125,0.4833333333333333,0.0,0.0,0.0,0.0,0.0,0.0,0.0,0.0,0.0,0.0,0.0,0.0,0.0,0.0,0.0,0.0,0.0,0.0,0.0,0.0,0.0,0.0,0.0,0.0,1.0,1.0,0.3333333333333333,0.0,0.0,0.0,0.0,0.0,0.0,EXPLORE,real_media,g_batchG_table_finances_closeup_360p.mp4,65.0,EXPLORE,0,balanced_A,table_focus_clutter
0.0,0.0,0.0,0.0,0.0,1.0,0.2593944330472336,0.28568780347577866,-0.030058986302789463,-0.09037852415451181,0.0,0.0,0.0,0.0,0.0,1.0,0.32312060349054544,0.14676879466457154,-0.5187829442821228,-0.08619222540904367,0.0,0.0,0.0,0.0,0.0,0.0,0.0031649426167330804,0.0,-0.015882725800508476,0.008792732120339871,1.0,0.0,0.0,0.0,0.0,0.009355471254651493,0.6483526058245154,0.0,0.0,0.0,0.0,0.0,0.0,EXPLORE,rebalance,g_batchG_table_finances_closeup_360p.mp4,150.0,EXPLORE,0,balanced_A,balanced_auto
0.0,0.0,0.0,0.0,0.0,1.0,0.3135026693344116,0.3919921875,-0.140625,0.4875,0.0,0.0,0.0,0.0,0.0,0.0,0.0,0.0,0.0,0.0,0.0,0.0,0.0,0.0,0.0,0.0,0.0,0.0,0.0,0.0,1.0,0.0,0.0,0.0,0.0,0.0,0.3333333333333333,0.0,0.0,0.0,0.0,0.0,0.0,EXPLORE,real_media,g_batchG_table_finances_closeup_360p.mp4,175.0,EXPLORE,0,balanced_A,table_focus_clutter
0.0,0.0,0.0,0.0,0.0,1.0,0.342549979686737,0.368564453125,-0.11875,0.4791666666666667,0.0,0.0,0.0,0.0,0.0,0.0,0.0,0.0,0.0,0.0,0.0,0.0,0.0,0.0,0.0,0.0,0.0,0.0,0.0,0.0,0.0,0.0,0.0,0.0,1.0,1.0,0.3333333333333333,0.0,0.0,0.0,0.0,0.0,0.0,EXPLORE,real_media,g_batchG_table_finances_closeup_360p.mp4,75.0,EXPLORE,0,balanced_A,table_focus_clutter
0.0,0.0,0.0,0.0,0.0,1.0,0.2899124026298523,0.14421875,-0.5125,-0.0541666666666666,0.0,0.0,0.0,0.0,0.0,0.0,0.0,0.0,0.0,0.0,0.0,0.0,0.0,0.0,0.0,0.0,0.0,0.0,0.0,0.0,1.0,0.0,0.0,0.0,0.0,0.0,0.3333333333333333,0.0,0.0,0.0,0.0,0.0,0.0,EXPLORE,real_media,g_batchG_table_finances_closeup_360p.mp4,130.0,EXPLORE,0,balanced_A,table_focus_clutter
0.0,0.0,0.0,0.0,0.0,1.0,0.2851971545553528,0.1468559220435652,-0.5265934652573976,-0.05775889494329577,0.0,0.0,0.0,0.0,0.0,0.0,0.0005246679835624363,0.0,0.003935521933139145,0.016410569508348377,0.0,0.0,0.0,0.0,0.0,0.0,0.0,0.0,-0.007874823444491443,0.010423345114642253,1.0,0.0,0.0,0.0,0.0,0.00895184981971686,0.3261385310004854,0.0,0.0,0.0,0.0,0.0,0.0,EXPLORE,rebalance,g_batchG_table_finances_closeup_360p.mp4,130.0,EXPLORE,0,balanced_A,balanced_auto
0.0,0.0,0.0,0.0,0.0,1.0,0.3517470401046093,0.3691985786026062,-0.1393915647270065,0.4734793899058648,0.0,0.0,0.0,0.0,0.0,0.0,0.0,0.0,0.0037065129883076405,0.012383422339507866,0.0,0.0,0.0,0.0,0.0,0.0,0.003833938643534951,0.009998242469102947,-0.0067851696776803075,0.02127703065468717,0.0,0.0,0.0,1.0,0.0,0.9955746428810781,0.34788378909604045,0.0,0.0,0.0,0.0,0.0,0.0,EXPLORE,rebalance,g_batchG_table_finances_closeup_360p.mp4,115.0,EXPLORE,0,balanced_A,balanced_auto
0.0,0.0,0.0,0.0,0.0,1.0,0.4348936378955841,0.373828125,-0.128125,0.4791666666666667,0.0,0.0,0.0,0.0,0.0,0.0,0.0,0.0,0.0,0.0,0.0,0.0,0.0,0.0,0.0,0.0,0.0,0.0,0.0,0.0,0.0,0.0,0.0,1.0,0.0,1.0,0.3333333333333333,0.0,0.0,0.0,0.0,0.0,0.0,EXPLORE,real_media,g_batchG_table_finances_closeup_360p.mp4,100.0,EXPLORE,0,balanced_A,table_focus_clutter
1.0,0.0,0.0,0.0,0.0,0.0,0.9175791743422306,0.6246647152839161,-0.07831228456566776,0.1098724058577587,0.0,0.0,0.0,0.0,0.0,0.0,0.0,0.009274384815581807,0.0027648286411736385,0.015202661707517075,0.0,0.0,0.0,0.0,0.0,0.0,0.004544203382143629,0.0,0.004584227482301369,0.010601294112029334,1.0,0.0,0.0,0.0,0.0,0.0,0.34697195563147243,0.0,0.0,0.0,0.0,0.0,0.0,EXPLORE,rebalance,,,EXPLORE,0,balanced_A,balanced_auto
0.0,0.0,0.0,0.0,0.0,1.0,0.2901516394090577,0.3255180944973523,-0.03971038941892494,0.47638762270265556,0.0,0.0,0.0,0.0,0.0,1.0,0.3201291420198405,0.23978283573232578,0.1594538118663415,0.492358136482661,0.0,0.0,0.0,0.0,0.0,0.0,0.004138902853726931,0.016162096816512074,-0.016913220655346943,0.006661407452365102,0.0,0.0,0.0,1.0,0.0,1.0,0.6569651714701525,0.0,0.0,0.0,0.0,0.0,0.0,EXPLORE,rebalance,g_batchG_table_finances_closeup_360p.mp4,25.0,EXPLORE,0,balanced_A,balanced_auto
0.0,0.0,0.0,0.0,0.0,1.0,0.2999942004680633,0.37984375,-0.125,0.4833333333333333,0.0,0.0,0.0,0.0,0.0,0.0,0.0,0.0,0.0,0.0,0.0,0.0,0.0,0.0,0.0,0.0,0.0,0.0,0.0,0.0,1.0,0.0,0.0,0.0,0.0,0.0,0.3333333333333333,0.0,0.0,0.0,0.0,0.0,0.0,EXPLORE,real_media,g_batchG_table_finances_closeup_360p.mp4,215.0,EXPLORE,0,balanced_A,table_focus_clutter
1.0,0.0,0.0,0.0,0.0,0.0,0.9110262660862674,0.5959918834287626,-0.1378797634419451,0.14729184889154753,0.0,0.0,0.0,0.0,0.0,0.0,0.0,0.0,0.007667542263649408,-0.0026227506040668986,0.0,0.0,0.0,0.0,0.0,0.0,0.0031200947155124387,0.011553120361066963,0.006975517880925902,0.039020251202525995,1.0,0.0,0.0,0.0,0.0,0.0,0.3423114874174388,0.0,0.0,0.0,0.0,0.0,0.0,EXPLORE,rebalance,,,EXPLORE,0,balanced_A,balanced_auto
