f0,f1,f2,f3,f4,f5,f6,f7,f8,f9,f10,f11,f12,f13,f14,f15,f16,f17,f18,f19,f20,f21,f22,f23,f24,f25,f26,f27,f28,f29,f30,f31,f32,f33,f34,f35,f36,label,source_type,source_file,frame_index,auto_label,needs_review
1.0,0.0,0.0,0.0,0.0,0.0,0.8030950427055359,0.10901041666666667,-0.471875,0.0375,0.0,1.0,0.0,0.0,0.0,0.0,0.37096932530403137,0.07896158854166667,0.646875,0.0875,0.0,0.0,0.0,0.0,0.0,1.0,0.7234067320823669,0.0368359375,-0.196875,-0.041666666666666664,1.0,0.0,0.0,0.0,0.0,0.0,1.0,CHECK_TABLE,real_media,mixkit_table_01.mp4,12,CHECK_TABLE,1
1.0,0.0,0.0,0.0,0.0,0.0,0.8190146088600159,0.11021484375,-0.471875,0.03333333333333333,0.0,1.0,0.0,0.0,0.0,0.0,0.40501075983047485,0.079375,0.646875,0.09166666666666666,0.0,1.0,0.0,0.0,0.0,0.0,0.2809540033340454,0.057763671875,-0.640625,0.14583333333333334,1.0,0.0,0.0,0.0,0.0,0.0,1.0,CHECK_TABLE,real_media,mixkit_table_01.mp4,48,CHECK_TABLE,1
1.0,0.0,0.0,0.0,0.0,0.0,0.7980279326438904,0.11248697916666667,-0.471875,0.029166666666666667,0.0,1.0,0.0,0.0,0.0,0.0,0.39840447902679443,0.07875,0.646875,0.08333333333333333,0.0,1.0,0.0,0.0,0.0,0.0,0.2978912591934204,0.057763671875,-0.640625,0.14583333333333334,1.0,0.0,0.0,0.0,0.0,0.0,1.0,CHECK_TABLE,real_media,mixkit_table_01.mp4,96,CHECK_TABLE,1
1.0,0.0,0.0,0.0,0.0,0.0,0.7973771691322327,0.10953450520833333,-0.471875,0.03333333333333333,0.0,1.0,0.0,0.0,0.0,0.0,0.3903995752334595,0.07833333333333334,0.646875,0.08333333333333333,0.0,0.0,0.0,0.0,0.0,1.0,0.6482713222503662,0.0374609375,-0.196875,-0.04583333333333333,1.0,0.0,0.0,0.0,0.0,0.0,1.0,CHECK_TABLE,real_media,mixkit_table_01.mp4,120,CHECK_TABLE,1
1.0,0.0,0.0,0.0,0.0,0.0,0.7861953973770142,0.107138671875,-0.46875,0.029166666666666667,0.0,1.0,0.0,0.0,0.0,0.0,0.3926250636577606,0.07875,0.646875,0.08333333333333333,0.0,0.0,0.0,0.0,0.0,1.0,0.611994206905365,0.036569010416666665,-0.196875,-0.0375,1.0,0.0,0.0,0.0,0.0,0.0,1.0,CHECK_TABLE,real_media,mixkit_table_01.mp4,144,CHECK_TABLE,1
1.0,0.0,0.0,0.0,0.0,0.0,0.7101278305053711,0.7023372395833334,0.271875,0.025,1.0,0.0,0.0,0.0,0.0,0.0,0.33301135897636414,0.3193359375,0.315625,-0.4666666666666667,0.0,0.0,0.0,0.0,0.0,1.0,0.49057942628860474,0.9875,0.009375,0.0,1.0,0.0,0.0,0.0,0.0,0.0,1.0,CHECK_TABLE,real_media,mixkit_table_02.mp4,228,CHECK_TABLE,1
0.0,1.0,0.0,0.0,0.0,0.0,0.8667212128639221,0.031796875,0.709375,-0.07083333333333333,1.0,0.0,0.0,0.0,0.0,0.0,0.6586814522743225,0.056666666666666664,-0.7875,0.7291666666666666,0.0,1.0,0.0,0.0,0.0,0.0,0.6565594673156738,0.04635416666666667,-0.8625,0.12083333333333333,1.0,0.0,0.0,0.0,0.0,0.0,1.0,CHECK_TABLE,real_media,mixkit_table_03.mp4,12,CHECK_TABLE,1
1.0,0.0,0.0,0.0,0.0,0.0,0.780420184135437,0.051676432291666664,-0.803125,0.7333333333333333,0.0,1.0,0.0,0.0,0.0,0.0,0.8428881168365479,0.032158203125,0.70625,-0.06666666666666667,0.0,1.0,0.0,0.0,0.0,0.0,0.6648339629173279,0.04583333333333333,-0.8625,0.11666666666666667,1.0,0.0,0.0,0.0,0.0,0.0,1.0,CHECK_TABLE,real_media,mixkit_table_03.mp4,24,CHECK_TABLE,1
0.0,1.0,0.0,0.0,0.0,0.0,0.8403575420379639,0.031578776041666666,0.7,-0.0625,1.0,0.0,0.0,0.0,0.0,0.0,0.5327481627464294,0.047607421875,-0.81875,0.7333333333333333,0.0,1.0,0.0,0.0,0.0,0.0,0.6605091094970703,0.044231770833333336,-0.865625,0.11666666666666667,1.0,0.0,0.0,0.0,0.0,0.0,1.0,CHECK_TABLE,real_media,mixkit_table_03.mp4,36,CHECK_TABLE,1
0.0,1.0,0.0,0.0,0.0,0.0,0.8438718914985657,0.03193359375,0.69375,-0.06666666666666667,1.0,0.0,0.0,0.0,0.0,0.0,0.607691764831543,0.024332682291666668,-0.2375,0.8583333333333333,0.0,1.0,0.0,0.0,0.0,0.0,0.5796077251434326,0.04311197916666667,-0.865625,0.1,1.0,0.0,0.0,0.0,0.0,0.0,1.0,CHECK_TABLE,real_media,mixkit_table_03.mp4,48,CHECK_TABLE,1
0.0,1.0,0.0,0.0,0.0,0.0,0.8448598980903625,0.031510416666666666,0.69375,-0.08333333333333333,1.0,0.0,0.0,0.0,0.0,0.0,0.6317325830459595,0.02671875,-0.2125,0.8458333333333333,0.0,1.0,0.0,0.0,0.0,0.0,0.5558905601501465,0.0401953125,-0.86875,0.06666666666666667,1.0,0.0,0.0,0.0,0.0,0.0,1.0,CHECK_TABLE,real_media,mixkit_table_03.mp4,60,CHECK_TABLE,1
0.0,1.0,0.0,0.0,0.0,0.0,0.8484127521514893,0.0309375,0.684375,-0.10416666666666667,0.0,1.0,0.0,0.0,0.0,0.0,0.5222781300544739,0.03977213541666667,-0.871875,0.058333333333333334,1.0,0.0,0.0,0.0,0.0,0.0,0.2641807794570923,0.057464192708333334,-0.228125,0.7291666666666666,1.0,0.0,0.0,0.0,0.0,0.0,1.0,CHECK_TABLE,real_media,mixkit_table_03.mp4,72,CHECK_TABLE,1
1.0,0.0,0.0,0.0,0.0,0.0,0.7171443700790405,0.15326171875,0.14375,0.7166666666666667,0.0,1.0,0.0,0.0,0.0,0.0,0.8666224479675293,0.0305859375,0.690625,-0.10833333333333334,0.0,1.0,0.0,0.0,0.0,0.0,0.574386715888977,0.04052734375,-0.871875,0.0625,1.0,0.0,0.0,0.0,0.0,0.0,1.0,CHECK_TABLE,real_media,mixkit_table_03.mp4,84,CHECK_TABLE,1
1.0,0.0,0.0,0.0,0.0,0.0,0.757488489151001,0.144375,0.1,0.7333333333333333,0.0,1.0,0.0,0.0,0.0,0.0,0.8654524087905884,0.030869140625,0.671875,-0.125,0.0,1.0,0.0,0.0,0.0,0.0,0.4628779888153076,0.03333658854166666,-0.88125,0.041666666666666664,1.0,0.0,0.0,0.0,0.0,0.0,1.0,CHECK_TABLE,real_media,mixkit_table_03.mp4,96,CHECK_TABLE,1
1.0,0.0,0.0,0.0,0.0,0.0,0.7390077114105225,0.14304036458333333,0.0875,0.7291666666666666,0.0,1.0,0.0,0.0,0.0,0.0,0.8680264949798584,0.031223958333333333,0.665625,-0.13333333333333333,0.0,1.0,0.0,0.0,0.0,0.0,0.5436251163482666,0.030833333333333334,-0.884375,0.0375,1.0,0.0,0.0,0.0,0.0,0.0,1.0,CHECK_TABLE,real_media,mixkit_table_03.mp4,108,CHECK_TABLE,1
1.0,0.0,0.0,0.0,0.0,0.0,0.6795167326927185,0.14336588541666667,0.075,0.7416666666666667,0.0,1.0,0.0,0.0,0.0,0.0,0.8618263006210327,0.031223958333333333,0.6625,-0.1375,0.0,1.0,0.0,0.0,0.0,0.0,0.448149710893631,0.028483072916666668,-0.890625,0.04583333333333333,1.0,0.0,0.0,0.0,0.0,0.0,1.0,CHECK_TABLE,real_media,mixkit_table_03.mp4,120,CHECK_TABLE,1
0.0,1.0,0.0,0.0,0.0,0.0,0.8860483765602112,0.030869140625,0.653125,-0.15416666666666667,1.0,0.0,0.0,0.0,0.0,0.0,0.6069233417510986,0.14916666666666667,0.084375,0.7291666666666666,0.0,0.0,0.0,0.0,0.0,1.0,0.8604035973548889,0.28212890625,0.009375,0.25833333333333336,1.0,0.0,0.0,0.0,0.0,0.0,1.0,CHECK_TABLE,real_media,mixkit_table_03.mp4,132,CHECK_TABLE,1
1.0,0.0,0.0,0.0,0.0,0.0,0.6926296949386597,0.155546875,0.065625,0.7208333333333333,0.0,1.0,0.0,0.0,0.0,0.0,0.870894730091095,0.029954427083333332,0.65,-0.17083333333333334,0.0,1.0,0.0,0.0,0.0,0.0,0.37903374433517456,0.0272265625,-0.89375,0.05,1.0,0.0,0.0,0.0,0.0,0.0,1.0,CHECK_TABLE,real_media,mixkit_table_03.mp4,144,CHECK_TABLE,1
1.0,0.0,0.0,0.0,0.0,0.0,0.67696613073349,0.15065104166666668,0.071875,0.725,0.0,1.0,0.0,0.0,0.0,0.0,0.8581535220146179,0.0305859375,0.653125,-0.18333333333333332,0.0,1.0,0.0,0.0,0.0,0.0,0.32970231771469116,0.027669270833333332,-0.89375,0.04583333333333333,1.0,0.0,0.0,0.0,0.0,0.0,1.0,CHECK_TABLE,real_media,mixkit_table_03.mp4,156,CHECK_TABLE,1
1.0,0.0,0.0,0.0,0.0,0.0,0.7925819158554077,0.1594140625,0.09375,0.7208333333333333,0.0,1.0,0.0,0.0,0.0,0.0,0.8591814041137695,0.030436197916666668,0.659375,-0.1875,0.0,1.0,0.0,0.0,0.0,0.0,0.3921299874782562,0.027890625,-0.89375,0.041666666666666664,1.0,0.0,0.0,0.0,0.0,0.0,1.0,CHECK_TABLE,real_media,mixkit_table_03.mp4,168,CHECK_TABLE,1
1.0,0.0,0.0,0.0,0.0,0.0,0.7933524250984192,0.1568359375,0.103125,0.7208333333333333,0.0,1.0,0.0,0.0,0.0,0.0,0.8563308715820312,0.030514322916666666,0.653125,-0.18333333333333332,0.0,1.0,0.0,0.0,0.0,0.0,0.4056404232978821,0.027669270833333332,-0.89375,0.04583333333333333,1.0,0.0,0.0,0.0,0.0,0.0,1.0,CHECK_TABLE,real_media,mixkit_table_03.mp4,180,CHECK_TABLE,1
1.0,0.0,0.0,0.0,0.0,0.0,0.9169604182243347,0.1330078125,0.25,-0.625,0.0,1.0,0.0,0.0,0.0,0.0,0.41910937428474426,0.08382161458333333,0.8,0.075,0.0,0.0,0.0,0.0,0.0,1.0,0.37871071696281433,0.748330078125,-0.015625,0.22083333333333333,1.0,0.0,0.0,0.0,0.0,0.0,1.0,CHECK_TABLE,real_media,mixkit_table_05.mp4,60,CHECK_TABLE,1
1.0,0.0,0.0,0.0,0.0,0.0,0.9274645447731018,0.14751953125,0.24375,-0.6208333333333333,0.0,0.0,0.0,0.0,0.0,1.0,0.4112369120121002,0.7833984375,-0.009375,0.19166666666666668,0.0,0.0,0.0,0.0,0.0,1.0,0.6638948917388916,0.11937825520833334,-0.409375,0.5125,1.0,0.0,0.0,0.0,0.0,0.0,1.0,CHECK_TABLE,real_media,mixkit_table_05.mp4,72,CHECK_TABLE,1
1.0,0.0,0.0,0.0,0.0,0.0,0.9094780683517456,0.113349609375,0.15,-0.6708333333333333,0.0,0.0,0.0,0.0,0.0,1.0,0.35821977257728577,0.743251953125,-0.01875,0.22916666666666666,0.0,0.0,0.0,0.0,0.0,1.0,0.6642815470695496,0.101953125,-0.253125,-0.020833333333333332,1.0,0.0,0.0,0.0,0.0,0.0,1.0,CHECK_TABLE,real_media,mixkit_table_05.mp4,156,CHECK_TABLE,1
1.0,0.0,0.0,0.0,0.0,0.0,0.9053770303726196,0.11232421875,0.175,-0.6625,0.0,0.0,0.0,0.0,0.0,1.0,0.48982369899749756,0.7295182291666666,-0.021875,0.24166666666666667,0.0,0.0,0.0,0.0,0.0,1.0,0.6942377090454102,0.099677734375,-0.2625,-0.020833333333333332,1.0,0.0,0.0,0.0,0.0,0.0,1.0,CHECK_TABLE,real_media,mixkit_table_05.mp4,168,CHECK_TABLE,1
1.0,0.0,0.0,0.0,0.0,0.0,0.8851538300514221,0.1128515625,0.165625,-0.6625,0.0,0.0,0.0,0.0,0.0,1.0,0.38783299922943115,0.72021484375,-0.025,0.25,0.0,0.0,0.0,0.0,0.0,1.0,0.6430467367172241,0.09966145833333333,-0.271875,-0.020833333333333332,1.0,0.0,0.0,0.0,0.0,0.0,1.0,CHECK_TABLE,real_media,mixkit_table_05.mp4,180,CHECK_TABLE,1
1.0,0.0,0.0,0.0,0.0,0.0,0.8574165105819702,0.114384765625,0.18125,-0.6708333333333333,0.0,0.0,0.0,0.0,0.0,1.0,0.3632905185222626,0.72515625,-0.025,0.24166666666666667,0.0,0.0,0.0,0.0,0.0,1.0,0.5957914590835571,0.10025390625,-0.290625,-0.020833333333333332,1.0,0.0,0.0,0.0,0.0,0.0,1.0,CHECK_TABLE,real_media,mixkit_table_05.mp4,192,CHECK_TABLE,1
1.0,0.0,0.0,0.0,0.0,0.0,0.7132900953292847,0.145087890625,0.21875,-0.6291666666666667,0.0,0.0,0.0,0.0,0.0,1.0,0.48939111828804016,0.7016861979166666,-0.028125,0.26666666666666666,0.0,0.0,0.0,0.0,0.0,1.0,0.6789827942848206,0.11779947916666667,-0.64375,0.5,1.0,0.0,0.0,0.0,0.0,0.0,1.0,CHECK_TABLE,real_media,mixkit_table_05.mp4,204,CHECK_TABLE,1
1.0,0.0,0.0,0.0,0.0,0.0,0.8199402689933777,0.1203125,0.371875,0.36666666666666664,1.0,0.0,0.0,0.0,0.0,0.0,0.7529295086860657,0.082080078125,-0.5375,-0.45416666666666666,1.0,0.0,0.0,0.0,0.0,0.0,0.6814014315605164,0.07227864583333334,-0.384375,0.3625,1.0,0.0,0.0,0.0,0.0,0.0,1.0,CHECK_TABLE,real_media,mixkit_table_06.mp4,12,CHECK_TABLE,1
1.0,0.0,0.0,0.0,0.0,0.0,0.7847796082496643,0.1134375,0.371875,0.35833333333333334,1.0,0.0,0.0,0.0,0.0,0.0,0.6990284323692322,0.0737109375,-0.578125,-0.42916666666666664,1.0,0.0,0.0,0.0,0.0,0.0,0.6096513271331787,0.075390625,-0.390625,0.325,1.0,0.0,0.0,0.0,0.0,0.0,1.0,CHECK_TABLE,real_media,mixkit_table_06.mp4,24,CHECK_TABLE,1
1.0,0.0,0.0,0.0,0.0,0.0,0.8613011240959167,0.08792317708333333,-0.35,0.3416666666666667,1.0,0.0,0.0,0.0,0.0,0.0,0.7883803248405457,0.11067708333333333,0.378125,0.35,1.0,0.0,0.0,0.0,0.0,0.0,0.8062347173690796,0.08123372395833334,-0.58125,-0.45416666666666666,1.0,0.0,0.0,0.0,0.0,0.0,1.0,CHECK_TABLE,real_media,mixkit_table_06.mp4,36,CHECK_TABLE,1
1.0,0.0,0.0,0.0,0.0,0.0,0.8639968633651733,0.089482421875,-0.35,0.3416666666666667,1.0,0.0,0.0,0.0,0.0,0.0,0.827003538608551,0.119140625,0.3625,0.3541666666666667,1.0,0.0,0.0,0.0,0.0,0.0,0.850590169429779,0.0838671875,-0.578125,-0.48333333333333334,1.0,0.0,0.0,0.0,0.0,0.0,1.0,CHECK_TABLE,real_media,mixkit_table_06.mp4,48,CHECK_TABLE,1
1.0,0.0,0.0,0.0,0.0,0.0,0.8426764607429504,0.11724934895833333,0.3625,0.35,1.0,0.0,0.0,0.0,0.0,0.0,0.8581188917160034,0.08900390625,-0.346875,0.3458333333333333,1.0,0.0,0.0,0.0,0.0,0.0,0.8014922142028809,0.08870768229166667,-0.475,-0.4708333333333333,1.0,0.0,0.0,0.0,0.0,0.0,1.0,CHECK_TABLE,real_media,mixkit_table_06.mp4,60,CHECK_TABLE,1
1.0,0.0,0.0,0.0,0.0,0.0,0.8047782778739929,0.1121484375,0.371875,0.3541666666666667,1.0,0.0,0.0,0.0,0.0,0.0,0.7950368523597717,0.112998046875,-0.321875,-0.45,1.0,0.0,0.0,0.0,0.0,0.0,0.6668261289596558,0.103515625,-0.346875,0.2875,1.0,0.0,0.0,0.0,0.0,0.0,1.0,CHECK_TABLE,real_media,mixkit_table_06.mp4,72,CHECK_TABLE,1
1.0,0.0,0.0,0.0,0.0,0.0,0.8364190459251404,0.11431966145833333,-0.309375,-0.42916666666666664,1.0,0.0,0.0,0.0,0.0,0.0,0.8219654560089111,0.1166015625,0.365625,0.35,1.0,0.0,0.0,0.0,0.0,0.0,0.7172937393188477,0.10265625,-0.353125,0.2875,1.0,0.0,0.0,0.0,0.0,0.0,1.0,CHECK_TABLE,real_media,mixkit_table_06.mp4,84,CHECK_TABLE,1
1.0,0.0,0.0,0.0,0.0,0.0,0.8219096660614014,0.114658203125,0.365625,0.35,1.0,0.0,0.0,0.0,0.0,0.0,0.7582451105117798,0.103837890625,-0.353125,0.2791666666666667,1.0,0.0,0.0,0.0,0.0,0.0,0.6636638641357422,0.09775390625,-0.328125,-0.4375,1.0,0.0,0.0,0.0,0.0,0.0,1.0,CHECK_TABLE,real_media,mixkit_table_06.mp4,96,CHECK_TABLE,1
1.0,0.0,0.0,0.0,0.0,0.0,0.8317786455154419,0.1095703125,0.384375,0.35,1.0,0.0,0.0,0.0,0.0,0.0,0.7847453951835632,0.10078125,-0.353125,0.2791666666666667,1.0,0.0,0.0,0.0,0.0,0.0,0.6631843447685242,0.09947916666666666,-0.31875,-0.43333333333333335,1.0,0.0,0.0,0.0,0.0,0.0,1.0,CHECK_TABLE,real_media,mixkit_table_06.mp4,108,CHECK_TABLE,1
1.0,0.0,0.0,0.0,0.0,0.0,0.8494186401367188,0.10680338541666666,-0.303125,-0.425,1.0,0.0,0.0,0.0,0.0,0.0,0.8067375421524048,0.1044140625,0.3875,0.35,1.0,0.0,0.0,0.0,0.0,0.0,0.831642210483551,0.069921875,-0.40625,0.3541666666666667,1.0,0.0,0.0,0.0,0.0,0.0,1.0,CHECK_TABLE,real_media,mixkit_table_06.mp4,120,CHECK_TABLE,1
1.0,0.0,0.0,0.0,0.0,0.0,0.8716645240783691,0.104453125,-0.30625,-0.42916666666666664,1.0,0.0,0.0,0.0,0.0,0.0,0.8340285420417786,0.10572916666666667,0.39375,0.3458333333333333,1.0,0.0,0.0,0.0,0.0,0.0,0.8321042656898499,0.08370768229166667,-0.396875,0.3541666666666667,1.0,0.0,0.0,0.0,0.0,0.0,1.0,CHECK_TABLE,real_media,mixkit_table_06.mp4,132,CHECK_TABLE,1
1.0,0.0,0.0,0.0,0.0,0.0,0.8473300933837891,0.10611979166666667,0.39375,0.3458333333333333,1.0,0.0,0.0,0.0,0.0,0.0,0.8413099646568298,0.089638671875,-0.384375,0.3333333333333333,1.0,0.0,0.0,0.0,0.0,0.0,0.7505674958229065,0.09953125,-0.303125,-0.45,1.0,0.0,0.0,0.0,0.0,0.0,1.0,CHECK_TABLE,real_media,mixkit_table_06.mp4,144,CHECK_TABLE,1
1.0,0.0,0.0,0.0,0.0,0.0,0.8591247797012329,0.08876953125,-0.378125,0.32916666666666666,1.0,0.0,0.0,0.0,0.0,0.0,0.8408163785934448,0.10546875,0.39375,0.3458333333333333,1.0,0.0,0.0,0.0,0.0,0.0,0.7773910760879517,0.0908984375,-0.325,-0.4625,1.0,0.0,0.0,0.0,0.0,0.0,1.0,CHECK_TABLE,real_media,mixkit_table_06.mp4,156,CHECK_TABLE,1
1.0,0.0,0.0,0.0,0.0,0.0,0.8470807671546936,0.08865234375,-0.33125,-0.4625,1.0,0.0,0.0,0.0,0.0,0.0,0.8446345329284668,0.085078125,-0.38125,0.32916666666666666,1.0,0.0,0.0,0.0,0.0,0.0,0.8148630857467651,0.10376953125,0.39375,0.35,1.0,0.0,0.0,0.0,0.0,0.0,1.0,CHECK_TABLE,real_media,mixkit_table_06.mp4,168,CHECK_TABLE,1
1.0,0.0,0.0,0.0,0.0,0.0,0.814519464969635,0.10677083333333333,0.39375,0.35,1.0,0.0,0.0,0.0,0.0,0.0,0.7934139966964722,0.09361002604166667,-0.3375,-0.44583333333333336,1.0,0.0,0.0,0.0,0.0,0.0,0.8174448609352112,0.06599609375,-0.440625,0.3458333333333333,1.0,0.0,0.0,0.0,0.0,0.0,1.0,CHECK_TABLE,real_media,mixkit_table_06.mp4,180,CHECK_TABLE,1
1.0,0.0,0.0,0.0,0.0,0.0,0.8491275310516357,0.09244791666666667,-0.35,-0.42916666666666664,1.0,0.0,0.0,0.0,0.0,0.0,0.8257849812507629,0.11158203125,0.375,0.3458333333333333,1.0,0.0,0.0,0.0,0.0,0.0,0.7700841426849365,0.07888997395833333,-0.409375,0.3416666666666667,1.0,0.0,0.0,0.0,0.0,0.0,1.0,CHECK_TABLE,real_media,mixkit_table_06.mp4,192,CHECK_TABLE,1
1.0,0.0,0.0,0.0,0.0,0.0,0.8742709755897522,0.088046875,-0.375,0.32083333333333336,1.0,0.0,0.0,0.0,0.0,0.0,0.8231716156005859,0.1095703125,0.390625,0.3541666666666667,1.0,0.0,0.0,0.0,0.0,0.0,0.7747713327407837,0.09514973958333334,-0.321875,-0.45416666666666666,1.0,0.0,0.0,0.0,0.0,0.0,1.0,CHECK_TABLE,real_media,mixkit_table_06.mp4,204,CHECK_TABLE,1
1.0,0.0,0.0,0.0,0.0,0.0,0.863731324672699,0.0889453125,-0.3625,0.325,1.0,0.0,0.0,0.0,0.0,0.0,0.7836127877235413,0.1091796875,0.375,0.35,1.0,0.0,0.0,0.0,0.0,0.0,0.7436240315437317,0.106318359375,-0.303125,-0.45,1.0,0.0,0.0,0.0,0.0,0.0,1.0,CHECK_TABLE,real_media,mixkit_table_06.mp4,216,CHECK_TABLE,1
1.0,0.0,0.0,0.0,0.0,0.0,0.8782521486282349,0.08932291666666667,-0.35625,0.3333333333333333,1.0,0.0,0.0,0.0,0.0,0.0,0.8428003787994385,0.11442057291666667,-0.28125,-0.44166666666666665,1.0,0.0,0.0,0.0,0.0,0.0,0.8067617416381836,0.09232421875,0.371875,0.39166666666666666,1.0,0.0,0.0,0.0,0.0,0.0,1.0,CHECK_TABLE,real_media,mixkit_table_06.mp4,228,CHECK_TABLE,1
1.0,0.0,0.0,0.0,0.0,0.0,0.8575963377952576,0.08732747395833333,-0.359375,0.32916666666666666,1.0,0.0,0.0,0.0,0.0,0.0,0.8018705248832703,0.09643229166666667,0.378125,0.37083333333333335,1.0,0.0,0.0,0.0,0.0,0.0,0.7231408357620239,0.115048828125,-0.275,-0.4375,1.0,0.0,0.0,0.0,0.0,0.0,1.0,CHECK_TABLE,real_media,mixkit_table_06.mp4,240,CHECK_TABLE,1
1.0,0.0,0.0,0.0,0.0,0.0,0.8688817024230957,0.086875,-0.359375,0.3333333333333333,1.0,0.0,0.0,0.0,0.0,0.0,0.8091980218887329,0.09046875,-0.35625,-0.4708333333333333,1.0,0.0,0.0,0.0,0.0,0.0,0.7217887043952942,0.108828125,0.384375,0.3458333333333333,1.0,0.0,0.0,0.0,0.0,0.0,1.0,CHECK_TABLE,real_media,mixkit_table_06.mp4,252,CHECK_TABLE,1
1.0,0.0,0.0,0.0,0.0,0.0,0.8569566607475281,0.089375,-0.35625,0.32916666666666666,1.0,0.0,0.0,0.0,0.0,0.0,0.7482929825782776,0.10599609375,0.39375,0.3458333333333333,1.0,0.0,0.0,0.0,0.0,0.0,0.552010178565979,0.07790364583333333,-0.421875,-0.475,1.0,0.0,0.0,0.0,0.0,0.0,1.0,CHECK_TABLE,real_media,mixkit_table_06.mp4,264,CHECK_TABLE,1
1.0,0.0,0.0,0.0,0.0,0.0,0.862654447555542,0.086962890625,-0.365625,0.325,1.0,0.0,0.0,0.0,0.0,0.0,0.6907210946083069,0.10572916666666667,0.396875,0.3458333333333333,1.0,0.0,0.0,0.0,0.0,0.0,0.5187769532203674,0.08185546875,-0.428125,-0.45,1.0,0.0,0.0,0.0,0.0,0.0,1.0,CHECK_TABLE,real_media,mixkit_table_06.mp4,276,CHECK_TABLE,1
1.0,0.0,0.0,0.0,0.0,0.0,0.836983859539032,0.09283203125,-0.353125,0.32916666666666666,1.0,0.0,0.0,0.0,0.0,0.0,0.7596765160560608,0.07870442708333333,0.375,0.4375,1.0,0.0,0.0,0.0,0.0,0.0,0.5962722897529602,0.07978841145833333,-0.415625,-0.45416666666666666,1.0,0.0,0.0,0.0,0.0,0.0,1.0,CHECK_TABLE,real_media,mixkit_table_06.mp4,288,CHECK_TABLE,1
1.0,0.0,0.0,0.0,0.0,0.0,0.8692173361778259,0.0853515625,-0.3625,0.3333333333333333,1.0,0.0,0.0,0.0,0.0,0.0,0.7559387683868408,0.11466796875,0.390625,0.3333333333333333,1.0,0.0,0.0,0.0,0.0,0.0,0.6910009384155273,0.07770182291666666,0.375,0.4375,1.0,0.0,0.0,0.0,0.0,0.0,1.0,CHECK_TABLE,real_media,mixkit_table_06.mp4,300,CHECK_TABLE,1
1.0,0.0,0.0,0.0,0.0,0.0,0.8285007476806641,0.13423828125,0.375,0.2833333333333333,1.0,0.0,0.0,0.0,0.0,0.0,0.8649530410766602,0.08669921875,-0.365625,0.32916666666666666,1.0,0.0,0.0,0.0,0.0,0.0,0.6793138980865479,0.078076171875,-0.425,-0.4583333333333333,1.0,0.0,0.0,0.0,0.0,0.0,1.0,CHECK_TABLE,real_media,mixkit_table_06.mp4,312,CHECK_TABLE,1
1.0,0.0,0.0,0.0,0.0,0.0,0.8684239387512207,0.0875,-0.3625,0.32916666666666666,1.0,0.0,0.0,0.0,0.0,0.0,0.8004270195960999,0.13177734375,0.371875,0.2875,1.0,0.0,0.0,0.0,0.0,0.0,0.7945634126663208,0.08919270833333333,-0.4,-0.4666666666666667,1.0,0.0,0.0,0.0,0.0,0.0,1.0,CHECK_TABLE,real_media,mixkit_table_06.mp4,324,CHECK_TABLE,1
1.0,0.0,0.0,0.0,0.0,0.0,0.7807124853134155,0.13121419270833334,0.375,0.2833333333333333,1.0,0.0,0.0,0.0,0.0,0.0,0.8216812014579773,0.08384114583333334,-0.36875,0.3416666666666667,1.0,0.0,0.0,0.0,0.0,0.0,0.531399130821228,0.144482421875,-0.33125,-0.30416666666666664,1.0,0.0,0.0,0.0,0.0,0.0,1.0,CHECK_TABLE,real_media,mixkit_table_06.mp4,336,CHECK_TABLE,1
1.0,0.0,0.0,0.0,0.0,0.0,0.8419251441955566,0.12225260416666667,0.3875,0.2791666666666667,1.0,0.0,0.0,0.0,0.0,0.0,0.8367400169372559,0.08795572916666666,-0.3625,0.32916666666666666,1.0,0.0,0.0,0.0,0.0,0.0,0.5546714663505554,0.10248046875,-0.31875,-0.425,1.0,0.0,0.0,0.0,0.0,0.0,1.0,CHECK_TABLE,real_media,mixkit_table_06.mp4,348,CHECK_TABLE,1
1.0,0.0,0.0,0.0,0.0,0.0,0.8519619107246399,0.08310546875,-0.3625,0.35,1.0,0.0,0.0,0.0,0.0,0.0,0.821609377861023,0.11144205729166666,0.390625,0.32916666666666666,1.0,0.0,0.0,0.0,0.0,0.0,0.7822152972221375,0.101875,-0.321875,-0.4,1.0,0.0,0.0,0.0,0.0,0.0,1.0,CHECK_TABLE,real_media,mixkit_table_06.mp4,360,CHECK_TABLE,1
1.0,0.0,0.0,0.0,0.0,0.0,0.8401598334312439,0.08400390625,-0.365625,0.3416666666666667,1.0,0.0,0.0,0.0,0.0,0.0,0.8112099170684814,0.107421875,0.3875,0.3458333333333333,1.0,0.0,0.0,0.0,0.0,0.0,0.5772970914840698,0.09617838541666666,-0.321875,-0.4083333333333333,1.0,0.0,0.0,0.0,0.0,0.0,1.0,CHECK_TABLE,real_media,mixkit_table_06.mp4,372,CHECK_TABLE,1
1.0,0.0,0.0,0.0,0.0,0.0,0.8556444644927979,0.08567708333333333,-0.359375,0.3458333333333333,1.0,0.0,0.0,0.0,0.0,0.0,0.8262647390365601,0.11067708333333333,0.38125,0.35,1.0,0.0,0.0,0.0,0.0,0.0,0.6705226898193359,0.100283203125,-0.315625,-0.4083333333333333,1.0,0.0,0.0,0.0,0.0,0.0,1.0,CHECK_TABLE,real_media,mixkit_table_06.mp4,384,CHECK_TABLE,1
1.0,0.0,0.0,0.0,0.0,0.0,0.844497799873352,0.11021484375,0.378125,0.35,1.0,0.0,0.0,0.0,0.0,0.0,0.860967755317688,0.08704752604166667,-0.35625,0.3375,1.0,0.0,0.0,0.0,0.0,0.0,0.7924441695213318,0.09695638020833333,-0.31875,-0.4083333333333333,1.0,0.0,0.0,0.0,0.0,0.0,1.0,CHECK_TABLE,real_media,mixkit_table_06.mp4,396,CHECK_TABLE,1
1.0,0.0,0.0,0.0,0.0,0.0,0.8364881873130798,0.10846354166666666,0.38125,0.35,1.0,0.0,0.0,0.0,0.0,0.0,0.8440443873405457,0.090439453125,-0.353125,0.3333333333333333,1.0,0.0,0.0,0.0,0.0,0.0,0.572327733039856,0.090234375,-0.325,-0.36666666666666664,1.0,0.0,0.0,0.0,0.0,0.0,1.0,CHECK_TABLE,real_media,mixkit_table_06.mp4,408,CHECK_TABLE,1
1.0,0.0,0.0,0.0,0.0,0.0,0.8149959444999695,0.10771158854166667,0.39375,0.3458333333333333,1.0,0.0,0.0,0.0,0.0,0.0,0.8046063184738159,0.09072916666666667,-0.38125,0.3,1.0,0.0,0.0,0.0,0.0,0.0,0.6644611358642578,0.07604166666666666,-0.321875,-0.39166666666666666,1.0,0.0,0.0,0.0,0.0,0.0,1.0,CHECK_TABLE,real_media,mixkit_table_06.mp4,420,CHECK_TABLE,1
1.0,0.0,0.0,0.0,0.0,0.0,0.832213819026947,0.105703125,0.3875,0.35,1.0,0.0,0.0,0.0,0.0,0.0,0.8279302716255188,0.103271484375,-0.36875,0.275,1.0,0.0,0.0,0.0,0.0,0.0,0.5226994752883911,0.07599283854166666,-0.325,-0.4,1.0,0.0,0.0,0.0,0.0,0.0,1.0,CHECK_TABLE,real_media,mixkit_table_06.mp4,432,CHECK_TABLE,1
1.0,0.0,0.0,0.0,0.0,0.0,0.8599027991294861,0.106884765625,0.384375,0.3416666666666667,1.0,0.0,0.0,0.0,0.0,0.0,0.8154018521308899,0.10390625,-0.36875,0.275,1.0,0.0,0.0,0.0,0.0,0.0,0.5019434690475464,0.07905924479166666,-0.325,-0.4,1.0,0.0,0.0,0.0,0.0,0.0,1.0,CHECK_TABLE,real_media,mixkit_table_06.mp4,444,CHECK_TABLE,1
1.0,0.0,0.0,0.0,0.0,0.0,0.8432797789573669,0.10623697916666666,0.390625,0.3458333333333333,1.0,0.0,0.0,0.0,0.0,0.0,0.7975077629089355,0.09944986979166667,-0.371875,0.2875,1.0,0.0,0.0,0.0,0.0,0.0,0.7258301973342896,0.0833203125,-0.321875,-0.42083333333333334,1.0,0.0,0.0,0.0,0.0,0.0,1.0,CHECK_TABLE,real_media,mixkit_table_06.mp4,456,CHECK_TABLE,1
1.0,0.0,0.0,0.0,0.0,0.0,0.8573679327964783,0.1095703125,0.384375,0.3458333333333333,1.0,0.0,0.0,0.0,0.0,0.0,0.8323606252670288,0.09890625,-0.3625,0.29583333333333334,1.0,0.0,0.0,0.0,0.0,0.0,0.6549951434135437,0.09010416666666667,-0.321875,-0.4375,1.0,0.0,0.0,0.0,0.0,0.0,1.0,CHECK_TABLE,real_media,mixkit_table_06.mp4,468,CHECK_TABLE,1
1.0,0.0,0.0,0.0,0.0,0.0,0.8906866312026978,0.11556640625,0.359375,0.35833333333333334,1.0,0.0,0.0,0.0,0.0,0.0,0.8437201976776123,0.09244791666666667,-0.359375,0.31666666666666665,1.0,0.0,0.0,0.0,0.0,0.0,0.7988386750221252,0.08806640625,-0.31875,-0.42916666666666664,1.0,0.0,0.0,0.0,0.0,0.0,1.0,CHECK_TABLE,real_media,mixkit_table_06.mp4,480,CHECK_TABLE,1
1.0,0.0,0.0,0.0,0.0,0.0,0.8699536323547363,0.11051432291666667,0.371875,0.35833333333333334,1.0,0.0,0.0,0.0,0.0,0.0,0.8428748846054077,0.09291015625,-0.359375,0.3,1.0,0.0,0.0,0.0,0.0,0.0,0.8084242939949036,0.087548828125,-0.321875,-0.425,1.0,0.0,0.0,0.0,0.0,0.0,1.0,CHECK_TABLE,real_media,mixkit_table_06.mp4,492,CHECK_TABLE,1
1.0,0.0,0.0,0.0,0.0,0.0,0.8664227724075317,0.10885416666666667,0.375,0.3625,1.0,0.0,0.0,0.0,0.0,0.0,0.8430890440940857,0.10947591145833334,-0.33125,0.31666666666666665,1.0,0.0,0.0,0.0,0.0,0.0,0.8219842910766602,0.086484375,-0.31875,-0.425,1.0,0.0,0.0,0.0,0.0,0.0,1.0,CHECK_TABLE,real_media,mixkit_table_06.mp4,504,CHECK_TABLE,1
1.0,0.0,0.0,0.0,0.0,0.0,0.8622820973396301,0.10947265625,0.371875,0.3625,1.0,0.0,0.0,0.0,0.0,0.0,0.8102526664733887,0.113193359375,-0.3375,0.2916666666666667,1.0,0.0,0.0,0.0,0.0,0.0,0.575827419757843,0.087548828125,-0.321875,-0.42083333333333334,1.0,0.0,0.0,0.0,0.0,0.0,1.0,CHECK_TABLE,real_media,mixkit_table_06.mp4,516,CHECK_TABLE,1
1.0,0.0,0.0,0.0,0.0,0.0,0.8720649480819702,0.10942708333333333,0.371875,0.3625,1.0,0.0,0.0,0.0,0.0,0.0,0.8070535063743591,0.1166796875,-0.3375,0.2875,1.0,0.0,0.0,0.0,0.0,0.0,0.779023289680481,0.08595703125,-0.321875,-0.42083333333333334,1.0,0.0,0.0,0.0,0.0,0.0,1.0,CHECK_TABLE,real_media,mixkit_table_06.mp4,528,CHECK_TABLE,1
1.0,0.0,0.0,0.0,0.0,0.0,0.8656166791915894,0.108896484375,0.371875,0.3625,1.0,0.0,0.0,0.0,0.0,0.0,0.8434585928916931,0.112314453125,-0.359375,0.30416666666666664,1.0,0.0,0.0,0.0,0.0,0.0,0.571243941783905,0.08542643229166667,-0.321875,-0.425,1.0,0.0,0.0,0.0,0.0,0.0,1.0,CHECK_TABLE,real_media,mixkit_table_06.mp4,540,CHECK_TABLE,1
1.0,0.0,0.0,0.0,0.0,0.0,0.8808053731918335,0.10947265625,0.371875,0.36666666666666664,1.0,0.0,0.0,0.0,0.0,0.0,0.8452838659286499,0.11267903645833334,-0.34375,0.2916666666666667,1.0,0.0,0.0,0.0,0.0,0.0,0.5062738060951233,0.08807942708333333,-0.321875,-0.4083333333333333,1.0,0.0,0.0,0.0,0.0,0.0,1.0,CHECK_TABLE,real_media,mixkit_table_06.mp4,552,CHECK_TABLE,1
1.0,0.0,0.0,0.0,0.0,0.0,0.8645761609077454,0.10713541666666666,0.36875,0.36666666666666664,1.0,0.0,0.0,0.0,0.0,0.0,0.8158340454101562,0.09753255208333333,-0.365625,0.275,1.0,0.0,0.0,0.0,0.0,0.0,0.7399485111236572,0.09232421875,-0.321875,-0.4083333333333333,1.0,0.0,0.0,0.0,0.0,0.0,1.0,CHECK_TABLE,real_media,mixkit_table_06.mp4,564,CHECK_TABLE,1
1.0,0.0,0.0,0.0,0.0,0.0,0.8722229599952698,0.10595703125,0.371875,0.37083333333333335,1.0,0.0,0.0,0.0,0.0,0.0,0.8496049642562866,0.09411458333333333,-0.365625,0.2791666666666667,1.0,0.0,0.0,0.0,0.0,0.0,0.8345299959182739,0.08701822916666667,-0.321875,-0.4375,1.0,0.0,0.0,0.0,0.0,0.0,1.0,CHECK_TABLE,real_media,mixkit_table_06.mp4,576,CHECK_TABLE,1
1.0,0.0,0.0,0.0,0.0,0.0,0.8689714670181274,0.1065625,0.371875,0.37083333333333335,1.0,0.0,0.0,0.0,0.0,0.0,0.8140377998352051,0.089208984375,-0.371875,0.2833333333333333,1.0,0.0,0.0,0.0,0.0,0.0,0.8055902719497681,0.09022135416666667,-0.31875,-0.425,1.0,0.0,0.0,0.0,0.0,0.0,1.0,CHECK_TABLE,real_media,mixkit_table_06.mp4,588,CHECK_TABLE,1
1.0,0.0,0.0,0.0,0.0,0.0,0.8770299553871155,0.10598958333333333,0.375,0.37083333333333335,1.0,0.0,0.0,0.0,0.0,0.0,0.8489843606948853,0.0931640625,-0.378125,0.325,1.0,0.0,0.0,0.0,0.0,0.0,0.7665444612503052,0.0880859375,-0.315625,-0.42916666666666664,1.0,0.0,0.0,0.0,0.0,0.0,1.0,CHECK_TABLE,real_media,mixkit_table_06.mp4,600,CHECK_TABLE,1
1.0,0.0,0.0,0.0,0.0,0.0,0.8768698573112488,0.10484375,0.378125,0.38333333333333336,1.0,0.0,0.0,0.0,0.0,0.0,0.8717363476753235,0.09755859375,-0.375,0.35,1.0,0.0,0.0,0.0,0.0,0.0,0.817715585231781,0.0880859375,-0.315625,-0.42916666666666664,1.0,0.0,0.0,0.0,0.0,0.0,1.0,CHECK_TABLE,real_media,mixkit_table_06.mp4,612,CHECK_TABLE,1
1.0,0.0,0.0,0.0,0.0,0.0,0.879218578338623,0.10022135416666667,0.384375,0.3875,1.0,0.0,0.0,0.0,0.0,0.0,0.8154116272926331,0.07877604166666667,-0.396875,0.2916666666666667,1.0,0.0,0.0,0.0,0.0,0.0,0.7157890200614929,0.08439453125,-0.3375,-0.44166666666666665,1.0,0.0,0.0,0.0,0.0,0.0,1.0,CHECK_TABLE,real_media,mixkit_table_06.mp4,624,CHECK_TABLE,1
1.0,0.0,0.0,0.0,0.0,0.0,0.8778498768806458,0.103125,0.3875,0.39166666666666666,1.0,0.0,0.0,0.0,0.0,0.0,0.8356994390487671,0.085693359375,-0.3875,0.2916666666666667,1.0,0.0,0.0,0.0,0.0,0.0,0.816347062587738,0.06872395833333333,-0.396875,-0.4583333333333333,1.0,0.0,0.0,0.0,0.0,0.0,1.0,CHECK_TABLE,real_media,mixkit_table_06.mp4,636,CHECK_TABLE,1
1.0,0.0,0.0,0.0,0.0,0.0,0.8651740550994873,0.104296875,0.38125,0.3875,1.0,0.0,0.0,0.0,0.0,0.0,0.8155380487442017,0.082265625,-0.390625,0.2916666666666667,1.0,0.0,0.0,0.0,0.0,0.0,0.748279333114624,0.071484375,-0.39375,-0.4708333333333333,1.0,0.0,0.0,0.0,0.0,0.0,1.0,CHECK_TABLE,real_media,mixkit_table_06.mp4,648,CHECK_TABLE,1
1.0,0.0,0.0,0.0,0.0,0.0,0.8616388440132141,0.11017903645833334,0.365625,0.3875,1.0,0.0,0.0,0.0,0.0,0.0,0.741664707660675,0.081640625,-0.39375,0.32083333333333336,1.0,0.0,0.0,0.0,0.0,0.0,0.5186997652053833,0.073271484375,-0.3875,-0.4666666666666667,1.0,0.0,0.0,0.0,0.0,0.0,1.0,CHECK_TABLE,real_media,mixkit_table_06.mp4,660,CHECK_TABLE,1
1.0,0.0,0.0,0.0,0.0,0.0,0.8868499994277954,0.111396484375,0.3625,0.375,1.0,0.0,0.0,0.0,0.0,0.0,0.7512441277503967,0.0803515625,-0.396875,0.32916666666666666,1.0,0.0,0.0,0.0,0.0,0.0,0.4579162895679474,0.006946614583333333,0.9625,-0.25,1.0,0.0,0.0,0.0,0.0,0.0,1.0,CHECK_TABLE,real_media,mixkit_table_06.mp4,672,CHECK_TABLE,1
1.0,0.0,0.0,0.0,0.0,0.0,0.8744315505027771,0.10530924479166667,0.38125,0.375,1.0,0.0,0.0,0.0,0.0,0.0,0.7701398134231567,0.07592447916666667,-0.4,0.32916666666666666,1.0,0.0,0.0,0.0,0.0,0.0,0.6036183834075928,0.077861328125,-0.3875,-0.4125,1.0,0.0,0.0,0.0,0.0,0.0,1.0,CHECK_TABLE,real_media,mixkit_table_06.mp4,684,CHECK_TABLE,1
1.0,0.0,0.0,0.0,0.0,0.0,0.8812773823738098,0.10358072916666666,0.38125,0.375,1.0,0.0,0.0,0.0,0.0,0.0,0.8049885034561157,0.07388671875,-0.403125,0.32916666666666666,1.0,0.0,0.0,0.0,0.0,0.0,0.7304176688194275,0.07734375,-0.384375,-0.4166666666666667,1.0,0.0,0.0,0.0,0.0,0.0,1.0,CHECK_TABLE,real_media,mixkit_table_06.mp4,696,CHECK_TABLE,1
1.0,0.0,0.0,0.0,0.0,0.0,0.8845107555389404,0.10719401041666667,0.375,0.375,1.0,0.0,0.0,0.0,0.0,0.0,0.7931715250015259,0.07490234375,-0.403125,0.32916666666666666,1.0,0.0,0.0,0.0,0.0,0.0,0.6963297128677368,0.075537109375,-0.3875,-0.4166666666666667,1.0,0.0,0.0,0.0,0.0,0.0,1.0,CHECK_TABLE,real_media,mixkit_table_06.mp4,708,CHECK_TABLE,1
1.0,0.0,0.0,0.0,0.0,0.0,0.8530370593070984,0.09755859375,0.4,0.375,1.0,0.0,0.0,0.0,0.0,0.0,0.739347517490387,0.072998046875,-0.409375,0.32916666666666666,1.0,0.0,0.0,0.0,0.0,0.0,0.557023286819458,0.07601888020833333,-0.3875,-0.42083333333333334,1.0,0.0,0.0,0.0,0.0,0.0,1.0,CHECK_TABLE,real_media,mixkit_table_06.mp4,720,CHECK_TABLE,1
1.0,0.0,0.0,0.0,0.0,0.0,0.8578647375106812,0.09505859375,0.396875,0.375,1.0,0.0,0.0,0.0,0.0,0.0,0.7551400661468506,0.072998046875,-0.4125,0.3333333333333333,1.0,0.0,0.0,0.0,0.0,0.0,0.561233401298523,0.071875,-0.3875,-0.4375,1.0,0.0,0.0,0.0,0.0,0.0,1.0,CHECK_TABLE,real_media,mixkit_table_06.mp4,732,CHECK_TABLE,1
1.0,0.0,0.0,0.0,0.0,0.0,0.8685967922210693,0.094453125,0.4,0.375,1.0,0.0,0.0,0.0,0.0,0.0,0.7457427978515625,0.07514973958333333,-0.40625,0.3375,1.0,0.0,0.0,0.0,0.0,0.0,0.40607255697250366,0.075390625,-0.384375,-0.42083333333333334,1.0,0.0,0.0,0.0,0.0,0.0,1.0,CHECK_TABLE,real_media,mixkit_table_06.mp4,744,CHECK_TABLE,1
1.0,0.0,0.0,0.0,0.0,0.0,0.838982880115509,0.10403645833333333,0.3875,0.375,1.0,0.0,0.0,0.0,0.0,0.0,0.6942439675331116,0.07398763020833334,-0.40625,0.3333333333333333,1.0,0.0,0.0,0.0,0.0,0.0,0.443039208650589,0.0071875,0.959375,-0.25,1.0,0.0,0.0,0.0,0.0,0.0,1.0,CHECK_TABLE,real_media,mixkit_table_06.mp4,756,CHECK_TABLE,1
1.0,0.0,0.0,0.0,0.0,0.0,0.7632155418395996,0.12733072916666666,0.4125,0.24166666666666667,1.0,0.0,0.0,0.0,0.0,0.0,0.7477409243583679,0.07236328125,-0.409375,0.3416666666666667,1.0,0.0,0.0,0.0,0.0,0.0,0.6097139716148376,0.07669921875,-0.3875,-0.4083333333333333,1.0,0.0,0.0,0.0,0.0,0.0,1.0,CHECK_TABLE,real_media,mixkit_table_06.mp4,768,CHECK_TABLE,1
1.0,0.0,0.0,0.0,0.0,0.0,0.842833399772644,0.1175390625,0.40625,0.275,1.0,0.0,0.0,0.0,0.0,0.0,0.7525910139083862,0.0716015625,-0.409375,0.3333333333333333,1.0,0.0,0.0,0.0,0.0,0.0,0.6581395268440247,0.07567057291666666,-0.384375,-0.4125,1.0,0.0,0.0,0.0,0.0,0.0,1.0,CHECK_TABLE,real_media,mixkit_table_06.mp4,780,CHECK_TABLE,1
1.0,0.0,0.0,0.0,0.0,0.0,0.7420281767845154,0.102744140625,0.38125,0.37083333333333335,1.0,0.0,0.0,0.0,0.0,0.0,0.7355707287788391,0.07098958333333333,-0.409375,0.3375,1.0,0.0,0.0,0.0,0.0,0.0,0.6202142238616943,0.0765625,-0.384375,-0.4125,1.0,0.0,0.0,0.0,0.0,0.0,1.0,CHECK_TABLE,real_media,mixkit_table_06.mp4,792,CHECK_TABLE,1
1.0,0.0,0.0,0.0,0.0,0.0,0.8111441731452942,0.10828125,0.375,0.37083333333333335,1.0,0.0,0.0,0.0,0.0,0.0,0.7547938227653503,0.07174479166666667,-0.409375,0.3416666666666667,1.0,0.0,0.0,0.0,0.0,0.0,0.6489558219909668,0.07528645833333333,-0.384375,-0.4125,1.0,0.0,0.0,0.0,0.0,0.0,1.0,CHECK_TABLE,real_media,mixkit_table_06.mp4,804,CHECK_TABLE,1
1.0,0.0,0.0,0.0,0.0,0.0,0.7686034440994263,0.115625,0.35625,0.36666666666666664,1.0,0.0,0.0,0.0,0.0,0.0,0.7787935733795166,0.07221354166666667,-0.40625,0.3375,1.0,0.0,0.0,0.0,0.0,0.0,0.6598595976829529,0.07631184895833333,-0.384375,-0.4125,1.0,0.0,0.0,0.0,0.0,0.0,1.0,CHECK_TABLE,real_media,mixkit_table_06.mp4,816,CHECK_TABLE,1
1.0,0.0,0.0,0.0,0.0,0.0,0.7685467600822449,0.111357421875,0.359375,0.3625,1.0,0.0,0.0,0.0,0.0,0.0,0.7306039929389954,0.069765625,-0.409375,0.3375,1.0,0.0,0.0,0.0,0.0,0.0,0.6314308643341064,0.076171875,-0.384375,-0.4166666666666667,1.0,0.0,0.0,0.0,0.0,0.0,1.0,CHECK_TABLE,real_media,mixkit_table_06.mp4,828,CHECK_TABLE,1
1.0,0.0,0.0,0.0,0.0,0.0,0.7309844493865967,0.113779296875,0.35625,0.3625,1.0,0.0,0.0,0.0,0.0,0.0,0.734703779220581,0.07037760416666666,-0.409375,0.3333333333333333,1.0,0.0,0.0,0.0,0.0,0.0,0.639148473739624,0.07578125,-0.384375,-0.4166666666666667,1.0,0.0,0.0,0.0,0.0,0.0,1.0,CHECK_TABLE,real_media,mixkit_table_06.mp4,840,CHECK_TABLE,1
1.0,0.0,0.0,0.0,0.0,0.0,0.7396040558815002,0.115,0.35625,0.36666666666666664,1.0,0.0,0.0,0.0,0.0,0.0,0.7459437847137451,0.0713671875,-0.40625,0.3333333333333333,1.0,0.0,0.0,0.0,0.0,0.0,0.6086711287498474,0.07421875,-0.384375,-0.425,1.0,0.0,0.0,0.0,0.0,0.0,1.0,CHECK_TABLE,real_media,mixkit_table_06.mp4,852,CHECK_TABLE,1
1.0,0.0,0.0,0.0,0.0,0.0,0.736214280128479,0.1205859375,0.3625,0.36666666666666664,1.0,0.0,0.0,0.0,0.0,0.0,0.7392932176589966,0.069765625,-0.409375,0.3333333333333333,1.0,0.0,0.0,0.0,0.0,0.0,0.6200881004333496,0.073828125,-0.384375,-0.425,1.0,0.0,0.0,0.0,0.0,0.0,1.0,CHECK_TABLE,real_media,mixkit_table_06.mp4,864,CHECK_TABLE,1
1.0,0.0,0.0,0.0,0.0,0.0,0.7416808605194092,0.12186197916666666,0.359375,0.36666666666666664,1.0,0.0,0.0,0.0,0.0,0.0,0.7488282918930054,0.07037760416666666,-0.409375,0.3333333333333333,1.0,0.0,0.0,0.0,0.0,0.0,0.6095185875892639,0.074609375,-0.384375,-0.42083333333333334,1.0,0.0,0.0,0.0,0.0,0.0,1.0,CHECK_TABLE,real_media,mixkit_table_06.mp4,876,CHECK_TABLE,1
1.0,0.0,0.0,0.0,0.0,0.0,0.7611199617385864,0.11197265625,0.365625,0.37083333333333335,1.0,0.0,0.0,0.0,0.0,0.0,0.7669705152511597,0.07236328125,-0.409375,0.3375,1.0,0.0,0.0,0.0,0.0,0.0,0.6477645635604858,0.07298177083333333,-0.384375,-0.42083333333333334,1.0,0.0,0.0,0.0,0.0,0.0,1.0,CHECK_TABLE,real_media,mixkit_table_06.mp4,888,CHECK_TABLE,1
1.0,0.0,0.0,0.0,0.0,0.0,0.7401341199874878,0.1225,0.3625,0.36666666666666664,1.0,0.0,0.0,0.0,0.0,0.0,0.7584851980209351,0.0716015625,-0.409375,0.3375,1.0,0.0,0.0,0.0,0.0,0.0,0.6700314879417419,0.074375,-0.384375,-0.4166666666666667,1.0,0.0,0.0,0.0,0.0,0.0,1.0,CHECK_TABLE,real_media,mixkit_table_06.mp4,900,CHECK_TABLE,1
1.0,0.0,0.0,0.0,0.0,0.0,0.7459876537322998,0.12060546875,0.3625,0.36666666666666664,1.0,0.0,0.0,0.0,0.0,0.0,0.7600847482681274,0.07098958333333333,-0.409375,0.3375,1.0,0.0,0.0,0.0,0.0,0.0,0.6994156241416931,0.07413411458333333,-0.384375,-0.4166666666666667,1.0,0.0,0.0,0.0,0.0,0.0,1.0,CHECK_TABLE,real_media,mixkit_table_06.mp4,912,CHECK_TABLE,1
1.0,0.0,0.0,0.0,0.0,0.0,0.7592406868934631,0.07567057291666666,-0.384375,-0.4083333333333333,1.0,0.0,0.0,0.0,0.0,0.0,0.73671954870224,0.09140625,0.39375,0.39166666666666666,1.0,0.0,0.0,0.0,0.0,0.0,0.7546305060386658,0.06925455729166667,-0.4125,0.3416666666666667,1.0,0.0,0.0,0.0,0.0,0.0,1.0,CHECK_TABLE,real_media,mixkit_table_06.mp4,924,CHECK_TABLE,1
1.0,0.0,0.0,0.0,0.0,0.0,0.809613049030304,0.07982421875,-0.378125,0.35,1.0,0.0,0.0,0.0,0.0,0.0,0.7608151435852051,0.10625,0.375,0.37083333333333335,1.0,0.0,0.0,0.0,0.0,0.0,0.7133182287216187,0.07398763020833334,-0.384375,-0.425,1.0,0.0,0.0,0.0,0.0,0.0,1.0,CHECK_TABLE,real_media,mixkit_table_06.mp4,936,CHECK_TABLE,1
1.0,0.0,0.0,0.0,0.0,0.0,0.8702189922332764,0.09861328125,-0.340625,0.3458333333333333,1.0,0.0,0.0,0.0,0.0,0.0,0.8223997354507446,0.11044921875,0.375,0.375,1.0,0.0,0.0,0.0,0.0,0.0,0.7912987470626831,0.06853515625,-0.3875,-0.45416666666666666,1.0,0.0,0.0,0.0,0.0,0.0,1.0,CHECK_TABLE,real_media,mixkit_table_06.mp4,948,CHECK_TABLE,1
1.0,0.0,0.0,0.0,0.0,0.0,0.8670064210891724,0.10805989583333334,-0.35,0.32916666666666666,1.0,0.0,0.0,0.0,0.0,0.0,0.8502004146575928,0.111884765625,0.375,0.37916666666666665,1.0,0.0,0.0,0.0,0.0,0.0,0.6212705969810486,0.072265625,-0.3875,-0.42916666666666664,1.0,0.0,0.0,0.0,0.0,0.0,1.0,CHECK_TABLE,real_media,mixkit_table_06.mp4,960,CHECK_TABLE,1
1.0,0.0,0.0,0.0,0.0,0.0,0.8755507469177246,0.11701822916666667,0.371875,0.375,1.0,0.0,0.0,0.0,0.0,0.0,0.8435046076774597,0.09546875,-0.421875,0.37083333333333335,0.0,1.0,0.0,0.0,0.0,0.0,0.7981175184249878,0.04255208333333333,-0.571875,0.5333333333333333,1.0,0.0,0.0,0.0,0.0,0.0,1.0,CHECK_TABLE,real_media,mixkit_table_06.mp4,972,CHECK_TABLE,1
1.0,0.0,0.0,0.0,0.0,0.0,0.8879497647285461,0.10994466145833333,0.415625,0.35833333333333334,1.0,0.0,0.0,0.0,0.0,0.0,0.8305906057357788,0.067568359375,-0.475,0.35,1.0,0.0,0.0,0.0,0.0,0.0,0.5600239634513855,0.0668359375,-0.3875,-0.45416666666666666,1.0,0.0,0.0,0.0,0.0,0.0,1.0,CHECK_TABLE,real_media,mixkit_table_06.mp4,984,CHECK_TABLE,1
1.0,0.0,0.0,0.0,0.0,0.0,0.8412176370620728,0.06720703125,-0.475,0.36666666666666664,1.0,0.0,0.0,0.0,0.0,0.0,0.7866835594177246,0.10969401041666667,0.425,0.3541666666666667,0.0,1.0,0.0,0.0,0.0,0.0,0.7751256823539734,0.06533854166666667,0.6,0.5208333333333334,1.0,0.0,0.0,0.0,0.0,0.0,1.0,CHECK_TABLE,real_media,mixkit_table_06.mp4,996,CHECK_TABLE,1
1.0,0.0,0.0,0.0,0.0,0.0,0.8250367045402527,0.1055859375,0.409375,0.3416666666666667,1.0,0.0,0.0,0.0,0.0,0.0,0.697029173374176,0.085576171875,-0.4375,0.4125,1.0,0.0,0.0,0.0,0.0,0.0,0.5805239677429199,0.06932291666666666,-0.39375,-0.4666666666666667,1.0,0.0,0.0,0.0,0.0,0.0,1.0,CHECK_TABLE,real_media,mixkit_table_06.mp4,1008,CHECK_TABLE,1
1.0,0.0,0.0,0.0,0.0,0.0,0.8039785623550415,0.09635416666666667,-0.396875,0.4,1.0,0.0,0.0,0.0,0.0,0.0,0.7118390798568726,0.1026171875,0.403125,0.32916666666666666,1.0,0.0,0.0,0.0,0.0,0.0,0.7108443975448608,0.07029296875,-0.390625,-0.4708333333333333,1.0,0.0,0.0,0.0,0.0,0.0,1.0,CHECK_TABLE,real_media,mixkit_table_06.mp4,1020,CHECK_TABLE,1
1.0,0.0,0.0,0.0,0.0,0.0,0.8034622073173523,0.09875651041666667,-0.384375,0.3875,1.0,0.0,0.0,0.0,0.0,0.0,0.7725405097007751,0.10107421875,0.39375,0.3333333333333333,1.0,0.0,0.0,0.0,0.0,0.0,0.7486363649368286,0.067578125,-0.3875,-0.4625,1.0,0.0,0.0,0.0,0.0,0.0,1.0,CHECK_TABLE,real_media,mixkit_table_06.mp4,1032,CHECK_TABLE,1
1.0,0.0,0.0,0.0,0.0,0.0,0.8160045742988586,0.09863606770833333,-0.384375,0.3958333333333333,1.0,0.0,0.0,0.0,0.0,0.0,0.7892454266548157,0.10427083333333333,0.396875,0.3333333333333333,1.0,0.0,0.0,0.0,0.0,0.0,0.7524612545967102,0.06662760416666667,-0.3875,-0.4625,1.0,0.0,0.0,0.0,0.0,0.0,1.0,CHECK_TABLE,real_media,mixkit_table_06.mp4,1044,CHECK_TABLE,1
1.0,0.0,0.0,0.0,0.0,0.0,0.8295740485191345,0.10371419270833333,0.396875,0.325,1.0,0.0,0.0,0.0,0.0,0.0,0.8168728947639465,0.09388346354166667,-0.39375,0.3958333333333333,1.0,0.0,0.0,0.0,0.0,0.0,0.701525866985321,0.06740234375,-0.3875,-0.45416666666666666,1.0,0.0,0.0,0.0,0.0,0.0,1.0,CHECK_TABLE,real_media,mixkit_table_06.mp4,1056,CHECK_TABLE,1
1.0,0.0,0.0,0.0,0.0,0.0,0.8445990681648254,0.10783528645833333,0.4,0.325,1.0,0.0,0.0,0.0,0.0,0.0,0.8046411275863647,0.0966796875,-0.39375,0.4,1.0,0.0,0.0,0.0,0.0,0.0,0.648626446723938,0.070703125,-0.3875,-0.44583333333333336,1.0,0.0,0.0,0.0,0.0,0.0,1.0,CHECK_TABLE,real_media,mixkit_table_06.mp4,1068,CHECK_TABLE,1
1.0,0.0,0.0,0.0,0.0,0.0,0.8295055627822876,0.10440104166666667,0.396875,0.325,1.0,0.0,0.0,0.0,0.0,0.0,0.7045249342918396,0.0946875,-0.4,0.3875,1.0,0.0,0.0,0.0,0.0,0.0,0.7156919240951538,0.071484375,-0.3875,-0.44583333333333336,1.0,0.0,0.0,0.0,0.0,0.0,1.0,CHECK_TABLE,real_media,mixkit_table_06.mp4,1092,CHECK_TABLE,1
1.0,0.0,0.0,0.0,0.0,0.0,0.8505669832229614,0.10440104166666667,0.396875,0.325,1.0,0.0,0.0,0.0,0.0,0.0,0.8537241220474243,0.08677083333333334,-0.403125,0.3541666666666667,1.0,0.0,0.0,0.0,0.0,0.0,0.7431110739707947,0.068359375,-0.384375,-0.45416666666666666,1.0,0.0,0.0,0.0,0.0,0.0,1.0,CHECK_TABLE,real_media,mixkit_table_06.mp4,1116,CHECK_TABLE,1
1.0,0.0,0.0,0.0,0.0,0.0,0.6490854024887085,0.02671875,-0.746875,-0.041666666666666664,1.0,0.0,0.0,0.0,0.0,0.0,0.639196515083313,0.019921875,-0.515625,-0.20833333333333334,1.0,0.0,0.0,0.0,0.0,0.0,0.6439414620399475,0.014212239583333333,0.265625,0.75,1.0,0.0,0.0,0.0,0.0,0.0,1.0,CHECK_TABLE,real_media,mixkit_table_07.mp4,108,CHECK_TABLE,1
1.0,0.0,0.0,0.0,0.0,0.0,0.7222830057144165,0.024791666666666667,0.234375,0.7125,0.0,1.0,0.0,0.0,0.0,0.0,0.7887914776802063,0.01435546875,0.05,0.85,1.0,0.0,0.0,0.0,0.0,0.0,0.6179276704788208,0.020100911458333332,0.634375,0.5833333333333334,1.0,0.0,0.0,0.0,0.0,0.0,1.0,CHECK_TABLE,real_media,mixkit_table_07.mp4,180,CHECK_TABLE,1
1.0,0.0,0.0,0.0,0.0,0.0,0.5369704365730286,0.0296875,0.65625,0.6333333333333333,1.0,0.0,0.0,0.0,0.0,0.0,0.5559669137001038,0.0044921875,0.59375,0.05,1.0,0.0,0.0,0.0,0.0,0.0,0.5063396692276001,0.0045703125,0.165625,0.0375,1.0,0.0,0.0,0.0,0.0,0.0,1.0,CHECK_TABLE,real_media,mixkit_table_07.mp4,204,CHECK_TABLE,1
1.0,0.0,0.0,0.0,0.0,0.0,0.5830638408660889,0.02255859375,0.65,0.5875,0.0,1.0,0.0,0.0,0.0,0.0,0.6905381083488464,0.01634765625,0.9125,0.8,1.0,0.0,0.0,0.0,0.0,0.0,0.5342361927032471,0.0047428385416666665,0.596875,0.05,1.0,0.0,0.0,0.0,0.0,0.0,1.0,CHECK_TABLE,real_media,mixkit_table_07.mp4,216,CHECK_TABLE,1
1.0,0.0,0.0,0.0,0.0,0.0,0.6489431858062744,0.019205729166666668,-0.596875,-0.05416666666666667,0.0,1.0,0.0,0.0,0.0,0.0,0.7026373147964478,0.017021484375,0.109375,0.8208333333333333,1.0,0.0,0.0,0.0,0.0,0.0,0.5188734531402588,0.00703125,0.8,0.10833333333333334,1.0,0.0,0.0,0.0,0.0,0.0,1.0,CHECK_TABLE,real_media,mixkit_table_07.mp4,300,CHECK_TABLE,1
1.0,0.0,0.0,0.0,0.0,0.0,0.5607943534851074,0.015065104166666666,-0.85625,-0.15,1.0,0.0,0.0,0.0,0.0,0.0,0.5468392968177795,0.024951171875,0.678125,0.5875,1.0,0.0,0.0,0.0,0.0,0.0,0.564148485660553,0.00615234375,0.578125,0.05416666666666667,1.0,0.0,0.0,0.0,0.0,0.0,1.0,CHECK_TABLE,real_media,mixkit_table_07.mp4,312,CHECK_TABLE,1
1.0,0.0,0.0,0.0,0.0,0.0,0.7145468592643738,0.0185546875,-0.59375,-0.0625,1.0,0.0,0.0,0.0,0.0,0.0,0.5717771649360657,0.01416015625,-0.8625,-0.14583333333333334,0.0,1.0,0.0,0.0,0.0,0.0,0.7178073525428772,0.016751302083333332,0.115625,0.8208333333333333,1.0,0.0,0.0,0.0,0.0,0.0,1.0,CHECK_TABLE,real_media,mixkit_table_07.mp4,324,CHECK_TABLE,1
1.0,0.0,0.0,0.0,0.0,0.0,0.7202273011207581,0.0178125,-0.590625,-0.05416666666666667,0.0,1.0,0.0,0.0,0.0,0.0,0.7689366340637207,0.016953125,0.11875,0.8208333333333333,1.0,0.0,0.0,0.0,0.0,0.0,0.6075229644775391,0.0134765625,-0.8625,-0.15,1.0,0.0,0.0,0.0,0.0,0.0,1.0,CHECK_TABLE,real_media,mixkit_table_07.mp4,336,CHECK_TABLE,1
1.0,0.0,0.0,0.0,0.0,0.0,0.72457355260849,0.019111328125,-0.59375,-0.07083333333333333,1.0,0.0,0.0,0.0,0.0,0.0,0.5800864100456238,0.010729166666666666,0.434375,-0.3958333333333333,0.0,1.0,0.0,0.0,0.0,0.0,0.7172667384147644,0.016953125,0.11875,0.8208333333333333,1.0,0.0,0.0,0.0,0.0,0.0,1.0,CHECK_TABLE,real_media,mixkit_table_07.mp4,348,CHECK_TABLE,1
