f0,f1,f2,f3,f4,f5,f6,f7,f8,f9,f10,f11,f12,f13,f14,f15,f16,f17,f18,f19,f20,f21,f22,f23,f24,f25,f26,f27,f28,f29,f30,f31,f32,f33,f34,f35,f36,label,source_type,source_file,frame_index,auto_label,needs_review,batch_id,scenario
1.0,0.0,0.0,0.0,0.0,0.0,0.8947458863258362,0.325078125,0.421875,-0.0875,0.0,0.0,0.0,0.0,0.0,1.0,0.6557612419128418,0.026728515625,0.625,0.6458333333333334,0.0,0.0,0.0,0.0,0.0,1.0,0.583831250667572,0.02197265625,0.925,-0.041666666666666664,1.0,0.0,0.0,0.0,0.0,0.0,1.0,AVOID_PERSON,real_media,mixkit_table_05.mp4,10,AVOID_PERSON,0,batch_B_real,low_light
1.0,0.0,0.0,0.0,0.0,0.0,0.7884752750396729,0.30939453125,0.390625,-0.0875,0.0,0.0,0.0,0.0,0.0,1.0,0.6526206731796265,0.024016927083333334,0.596875,0.65,0.0,0.0,0.0,0.0,0.0,1.0,0.5099305510520935,0.0400390625,-0.678125,0.6041666666666666,0.0,1.0,0.0,0.0,0.0,1.0,1.0,AVOID_PERSON,real_media,mixkit_table_05.mp4,20,AVOID_PERSON,1,batch_B_real,low_light
1.0,0.0,0.0,0.0,0.0,0.0,0.8237921595573425,0.3595735677083333,0.465625,-0.21666666666666667,0.0,0.0,0.0,0.0,0.0,1.0,0.7839136123657227,0.024583333333333332,0.553125,0.65,0.0,0.0,0.0,0.0,0.0,1.0,0.48696425557136536,0.1159375,-0.26875,0.5041666666666667,0.0,1.0,0.0,0.0,0.0,1.0,1.0,AVOID_PERSON,real_media,mixkit_table_05.mp4,30,AVOID_PERSON,0,batch_B_real,low_light
1.0,0.0,0.0,0.0,0.0,0.0,0.898304283618927,0.1680078125,0.309375,-0.575,0.0,0.0,0.0,0.0,0.0,1.0,0.25964221358299255,0.7307291666666667,-0.021875,0.2125,0.0,0.0,0.0,0.0,0.0,1.0,0.6825021505355835,0.1030859375,-0.003125,-0.016666666666666666,0.0,1.0,0.0,0.0,0.0,1.0,1.0,AVOID_PERSON,real_media,mixkit_table_05.mp4,40,AVOID_PERSON,1,batch_B_real,low_light
1.0,0.0,0.0,0.0,0.0,0.0,0.9283401370048523,0.1224609375,0.271875,-0.6458333333333334,0.0,0.0,0.0,0.0,0.0,1.0,0.422102689743042,0.76646484375,-0.025,0.19583333333333333,0.0,0.0,0.0,0.0,0.0,1.0,0.7240268588066101,0.11307291666666666,-0.34375,0.5083333333333333,0.0,1.0,0.0,0.0,0.0,1.0,1.0,AVOID_PERSON,real_media,mixkit_table_05.mp4,50,AVOID_PERSON,1,batch_B_real,low_light
1.0,0.0,0.0,0.0,0.0,0.0,0.9169604182243347,0.1330078125,0.25,-0.625,0.0,1.0,0.0,0.0,0.0,0.0,0.41910937428474426,0.08382161458333333,0.8,0.075,0.0,0.0,0.0,0.0,0.0,1.0,0.37871071696281433,0.748330078125,-0.015625,0.22083333333333333,0.0,1.0,0.0,0.0,0.0,1.0,1.0,AVOID_PERSON,real_media,mixkit_table_05.mp4,60,AVOID_PERSON,1,batch_B_real,low_light
1.0,0.0,0.0,0.0,0.0,0.0,0.9252136945724487,0.147138671875,0.246875,-0.6208333333333333,0.0,0.0,0.0,0.0,0.0,1.0,0.37791121006011963,0.7858854166666667,-0.003125,0.19583333333333333,0.0,0.0,0.0,0.0,0.0,1.0,0.6720403432846069,0.116484375,-0.40625,0.5083333333333333,0.0,1.0,0.0,0.0,0.0,1.0,1.0,AVOID_PERSON,real_media,mixkit_table_05.mp4,70,AVOID_PERSON,1,batch_B_real,low_light
1.0,0.0,0.0,0.0,0.0,0.0,0.9209834933280945,0.156884765625,0.228125,-0.6083333333333333,0.0,0.0,0.0,0.0,0.0,1.0,0.6111727952957153,0.11470377604166666,-0.43125,0.5083333333333333,0.0,0.0,0.0,0.0,0.0,1.0,0.5507106781005859,0.09676432291666667,-0.09375,-0.0125,0.0,1.0,0.0,0.0,0.0,1.0,1.0,AVOID_PERSON,real_media,mixkit_table_05.mp4,80,AVOID_PERSON,1,batch_B_real,low_light
1.0,0.0,0.0,0.0,0.0,0.0,0.9116164445877075,0.14974609375,0.19375,-0.6125,0.0,0.0,0.0,0.0,0.0,1.0,0.3501850962638855,0.7784798177083333,-0.015625,0.2,0.0,0.0,0.0,0.0,0.0,1.0,0.5735040307044983,0.11484375,-0.45,0.5083333333333333,0.0,1.0,0.0,0.0,0.0,1.0,1.0,AVOID_PERSON,real_media,mixkit_table_05.mp4,90,AVOID_PERSON,1,batch_B_real,low_light
1.0,0.0,0.0,0.0,0.0,0.0,0.9174982905387878,0.1457421875,0.175,-0.6208333333333333,0.0,0.0,0.0,0.0,0.0,1.0,0.5696298480033875,0.1008203125,-0.146875,-0.016666666666666666,0.0,0.0,0.0,0.0,0.0,1.0,0.5221919417381287,0.11524739583333334,-0.475,0.5041666666666667,0.0,1.0,0.0,0.0,0.0,1.0,1.0,AVOID_PERSON,real_media,mixkit_table_05.mp4,100,AVOID_PERSON,1,batch_B_real,low_light
1.0,0.0,0.0,0.0,0.0,0.0,0.9167889356613159,0.1544140625,0.15625,-0.5833333333333334,0.0,0.0,0.0,0.0,0.0,1.0,0.6488184928894043,0.11992838541666667,-0.49375,0.5083333333333333,0.0,0.0,0.0,0.0,0.0,1.0,0.6593603491783142,0.10545572916666666,-0.171875,-0.020833333333333332,0.0,1.0,0.0,0.0,0.0,1.0,1.0,AVOID_PERSON,real_media,mixkit_table_05.mp4,110,AVOID_PERSON,1,batch_B_real,low_light
1.0,0.0,0.0,0.0,0.0,0.0,0.9302017688751221,0.10658528645833333,0.140625,-0.7166666666666667,0.0,0.0,0.0,0.0,0.0,1.0,0.2668290436267853,0.7152799479166667,-0.05,0.22916666666666666,0.0,0.0,0.0,0.0,0.0,1.0,0.6802752017974854,0.10255208333333334,-0.19375,-0.020833333333333332,0.0,1.0,0.0,0.0,0.0,1.0,1.0,AVOID_PERSON,real_media,mixkit_table_05.mp4,120,AVOID_PERSON,1,batch_B_real,low_light
1.0,0.0,0.0,0.0,0.0,0.0,0.9326527714729309,0.11085611979166667,0.11875,-0.7125,0.0,0.0,0.0,0.0,0.0,1.0,0.35398000478744507,0.7361458333333334,-0.075,0.19166666666666668,0.0,0.0,0.0,0.0,0.0,1.0,0.5545731782913208,0.11470377604166666,-0.546875,0.5041666666666667,0.0,1.0,0.0,0.0,0.0,1.0,1.0,AVOID_PERSON,real_media,mixkit_table_05.mp4,130,AVOID_PERSON,1,batch_B_real,low_light
1.0,0.0,0.0,0.0,0.0,0.0,0.9183346629142761,0.09208333333333334,0.159375,-0.7166666666666667,0.0,0.0,0.0,0.0,0.0,1.0,0.5997452735900879,0.11888020833333333,-0.553125,0.5041666666666667,0.0,0.0,0.0,0.0,0.0,1.0,0.5053883790969849,0.103134765625,-0.228125,-0.025,0.0,1.0,0.0,0.0,0.0,1.0,1.0,AVOID_PERSON,real_media,mixkit_table_05.mp4,140,AVOID_PERSON,1,batch_B_real,low_light
1.0,0.0,0.0,0.0,0.0,0.0,0.9171287417411804,0.10240885416666666,0.140625,-0.7041666666666667,0.0,0.0,0.0,0.0,0.0,1.0,0.6601356267929077,0.1025390625,-0.246875,-0.020833333333333332,0.0,0.0,0.0,0.0,0.0,1.0,0.6098009943962097,0.115478515625,-0.575,0.5,0.0,1.0,0.0,0.0,0.0,1.0,1.0,AVOID_PERSON,real_media,mixkit_table_05.mp4,150,AVOID_PERSON,1,batch_B_real,low_light
1.0,0.0,0.0,0.0,0.0,0.0,0.912072479724884,0.111630859375,0.165625,-0.6666666666666666,0.0,0.0,0.0,0.0,0.0,1.0,0.4321443438529968,0.7755989583333334,-0.0125,0.2,0.0,0.0,0.0,0.0,0.0,1.0,0.5998167991638184,0.10196940104166667,-0.259375,-0.020833333333333332,0.0,1.0,0.0,0.0,0.0,1.0,1.0,AVOID_PERSON,real_media,mixkit_table_05.mp4,160,AVOID_PERSON,1,batch_B_real,low_light
1.0,0.0,0.0,0.0,0.0,0.0,0.9071866273880005,0.1107421875,0.178125,-0.6625,0.0,0.0,0.0,0.0,0.0,1.0,0.4929187595844269,0.7570833333333333,-0.0125,0.22916666666666666,0.0,0.0,0.0,0.0,0.0,1.0,0.6779249310493469,0.1008203125,-0.2625,-0.016666666666666666,0.0,1.0,0.0,0.0,0.0,1.0,1.0,AVOID_PERSON,real_media,mixkit_table_05.mp4,170,AVOID_PERSON,1,batch_B_real,low_light
1.0,0.0,0.0,0.0,0.0,0.0,0.8851538300514221,0.1128515625,0.165625,-0.6625,0.0,0.0,0.0,0.0,0.0,1.0,0.38783299922943115,0.72021484375,-0.025,0.25,0.0,0.0,0.0,0.0,0.0,1.0,0.6430467367172241,0.09966145833333333,-0.271875,-0.020833333333333332,0.0,1.0,0.0,0.0,0.0,1.0,1.0,AVOID_PERSON,real_media,mixkit_table_05.mp4,180,AVOID_PERSON,1,batch_B_real,low_light
1.0,0.0,0.0,0.0,0.0,0.0,0.7968556880950928,0.113203125,0.178125,-0.6666666666666666,0.0,0.0,0.0,0.0,0.0,1.0,0.38910552859306335,0.71525390625,-0.021875,0.25833333333333336,0.0,0.0,0.0,0.0,0.0,1.0,0.6630162596702576,0.1008203125,-0.2875,-0.020833333333333332,0.0,1.0,0.0,0.0,0.0,1.0,1.0,AVOID_PERSON,real_media,mixkit_table_05.mp4,190,AVOID_PERSON,1,batch_B_real,low_light
1.0,0.0,0.0,0.0,0.0,0.0,0.7634224891662598,0.13478190104166668,0.221875,-0.65,0.0,0.0,0.0,0.0,0.0,1.0,0.5177692770957947,0.683935546875,-0.05,0.2625,0.0,1.0,0.0,0.0,0.0,0.0,0.2677243947982788,0.00962890625,-0.128125,-0.6916666666666667,0.0,1.0,0.0,0.0,0.0,1.0,1.0,AVOID_PERSON,real_media,mixkit_table_05.mp4,200,AVOID_PERSON,1,batch_B_real,low_light
1.0,0.0,0.0,0.0,0.0,0.0,0.7532641291618347,0.12860677083333333,0.234375,-0.6541666666666667,0.0,1.0,0.0,0.0,0.0,0.0,0.43695467710494995,0.018958333333333334,-0.103125,-0.675,0.0,0.0,0.0,0.0,0.0,1.0,0.4013170003890991,0.6847330729166666,-0.0625,0.2708333333333333,0.0,1.0,0.0,0.0,0.0,1.0,1.0,AVOID_PERSON,real_media,mixkit_table_05.mp4,210,AVOID_PERSON,1,batch_B_real,low_light
1.0,0.0,0.0,0.0,0.0,0.0,0.8511220812797546,0.124609375,0.203125,-0.6583333333333333,0.0,1.0,0.0,0.0,0.0,0.0,0.3207976818084717,0.01703125,-0.115625,-0.6833333333333333,0.0,0.0,0.0,0.0,0.0,1.0,0.34241554141044617,0.670625,-0.075,0.26666666666666666,0.0,1.0,0.0,0.0,0.0,1.0,1.0,AVOID_PERSON,real_media,mixkit_table_05.mp4,220,AVOID_PERSON,1,batch_B_real,low_light
1.0,0.0,0.0,0.0,0.0,0.0,0.8393393754959106,0.12236328125,0.365625,0.36666666666666664,1.0,0.0,0.0,0.0,0.0,0.0,0.7674818634986877,0.08876953125,-0.51875,-0.4583333333333333,1.0,0.0,0.0,0.0,0.0,0.0,0.7261528968811035,0.07307291666666667,-0.38125,0.3625,1.0,0.0,0.0,0.0,0.0,0.0,1.0,AVOID_PERSON,real_media,mixkit_table_06.mp4,10,AVOID_PERSON,1,batch_B_real,low_light
1.0,0.0,0.0,0.0,0.0,0.0,0.856967031955719,0.07287109375,-0.384375,0.3541666666666667,1.0,0.0,0.0,0.0,0.0,0.0,0.7680702209472656,0.11365885416666667,0.38125,0.3541666666666667,1.0,0.0,0.0,0.0,0.0,0.0,0.7623844146728516,0.07412109375,-0.575,-0.42916666666666664,0.0,0.0,0.0,0.0,1.0,1.0,1.0,AVOID_PERSON,real_media,mixkit_table_06.mp4,20,AVOID_PERSON,1,batch_B_real,low_light
1.0,0.0,0.0,0.0,0.0,0.0,0.876361608505249,0.084453125,-0.35625,0.35,1.0,0.0,0.0,0.0,0.0,0.0,0.8414745330810547,0.114658203125,0.36875,0.35,1.0,0.0,0.0,0.0,0.0,0.0,0.7708687782287598,0.07687825520833333,-0.578125,-0.44166666666666665,0.0,1.0,0.0,0.0,0.0,1.0,1.0,AVOID_PERSON,real_media,mixkit_table_06.mp4,30,AVOID_PERSON,1,batch_B_real,low_light
1.0,0.0,0.0,0.0,0.0,0.0,0.845476508140564,0.08779296875,-0.35,0.3458333333333333,1.0,0.0,0.0,0.0,0.0,0.0,0.8156425356864929,0.1125390625,0.375,0.3458333333333333,1.0,0.0,0.0,0.0,0.0,0.0,0.8104326128959656,0.08307291666666666,-0.578125,-0.4583333333333333,1.0,0.0,0.0,0.0,0.0,0.0,1.0,AVOID_PERSON,real_media,mixkit_table_06.mp4,40,AVOID_PERSON,1,batch_B_real,low_light
1.0,0.0,0.0,0.0,0.0,0.0,0.8531047701835632,0.11919270833333333,0.359375,0.35,1.0,0.0,0.0,0.0,0.0,0.0,0.8578779697418213,0.09009114583333333,-0.34375,0.3458333333333333,1.0,0.0,0.0,0.0,0.0,0.0,0.7892188429832458,0.08421875,-0.571875,-0.49166666666666664,0.0,0.0,1.0,0.0,0.0,1.0,1.0,AVOID_PERSON,real_media,mixkit_table_06.mp4,50,AVOID_PERSON,1,batch_B_real,low_light
1.0,0.0,0.0,0.0,0.0,0.0,0.8426764607429504,0.11724934895833333,0.3625,0.35,1.0,0.0,0.0,0.0,0.0,0.0,0.8581188917160034,0.08900390625,-0.346875,0.3458333333333333,1.0,0.0,0.0,0.0,0.0,0.0,0.8014922142028809,0.08870768229166667,-0.475,-0.4708333333333333,0.0,0.0,1.0,0.0,0.0,1.0,1.0,AVOID_PERSON,real_media,mixkit_table_06.mp4,60,AVOID_PERSON,1,batch_B_real,low_light
1.0,0.0,0.0,0.0,0.0,0.0,0.836943507194519,0.11530598958333334,0.371875,0.35,1.0,0.0,0.0,0.0,0.0,0.0,0.8054110407829285,0.10969401041666667,-0.328125,-0.4583333333333333,1.0,0.0,0.0,0.0,0.0,0.0,0.7584359645843506,0.095703125,-0.35,0.31666666666666665,0.0,0.0,1.0,0.0,0.0,1.0,1.0,AVOID_PERSON,real_media,mixkit_table_06.mp4,70,AVOID_PERSON,1,batch_B_real,low_light
1.0,0.0,0.0,0.0,0.0,0.0,0.8219437003135681,0.11537109375,0.3625,0.35,1.0,0.0,0.0,0.0,0.0,0.0,0.817209005355835,0.11498046875,-0.30625,-0.43333333333333335,1.0,0.0,0.0,0.0,0.0,0.0,0.7431866526603699,0.103837890625,-0.353125,0.2791666666666667,0.0,0.0,1.0,0.0,0.0,1.0,1.0,AVOID_PERSON,real_media,mixkit_table_06.mp4,80,AVOID_PERSON,1,batch_B_real,low_light
1.0,0.0,0.0,0.0,0.0,0.0,0.8090161681175232,0.11908203125,0.3625,0.35,1.0,0.0,0.0,0.0,0.0,0.0,0.799016535282135,0.10399739583333334,-0.321875,-0.44166666666666665,1.0,0.0,0.0,0.0,0.0,0.0,0.729622483253479,0.10360677083333333,-0.353125,0.275,0.0,0.0,0.0,0.0,1.0,1.0,1.0,AVOID_PERSON,real_media,mixkit_table_06.mp4,90,AVOID_PERSON,1,batch_B_real,low_light
1.0,0.0,0.0,0.0,0.0,0.0,0.8082098960876465,0.11384765625,0.371875,0.35,1.0,0.0,0.0,0.0,0.0,0.0,0.6793839931488037,0.1055078125,-0.353125,0.275,1.0,0.0,0.0,0.0,0.0,0.0,0.6584263443946838,0.095625,-0.33125,-0.4375,1.0,0.0,0.0,0.0,0.0,0.0,1.0,AVOID_PERSON,real_media,mixkit_table_06.mp4,100,AVOID_PERSON,1,batch_B_real,low_light
1.0,0.0,0.0,0.0,0.0,0.0,0.8299370408058167,0.11021484375,0.378125,0.35,1.0,0.0,0.0,0.0,0.0,0.0,0.8067981004714966,0.09961588541666666,-0.359375,0.2916666666666667,1.0,0.0,0.0,0.0,0.0,0.0,0.6848163604736328,0.10266927083333334,-0.309375,-0.42916666666666664,1.0,0.0,0.0,0.0,0.0,0.0,1.0,AVOID_PERSON,real_media,mixkit_table_06.mp4,110,AVOID_PERSON,1,batch_B_real,low_light
1.0,0.0,0.0,0.0,0.0,0.0,0.8494186401367188,0.10680338541666666,-0.303125,-0.425,1.0,0.0,0.0,0.0,0.0,0.0,0.8067375421524048,0.1044140625,0.3875,0.35,1.0,0.0,0.0,0.0,0.0,0.0,0.831642210483551,0.069921875,-0.40625,0.3541666666666667,1.0,0.0,0.0,0.0,0.0,0.0,1.0,AVOID_PERSON,real_media,mixkit_table_06.mp4,120,AVOID_PERSON,1,batch_B_real,low_light
1.0,0.0,0.0,0.0,0.0,0.0,0.8558109998703003,0.10390625,-0.30625,-0.42916666666666664,1.0,0.0,0.0,0.0,0.0,0.0,0.8317145705223083,0.08385416666666666,-0.390625,0.3541666666666667,1.0,0.0,0.0,0.0,0.0,0.0,0.810027003288269,0.10440755208333333,0.39375,0.35,0.0,1.0,0.0,0.0,0.0,1.0,1.0,AVOID_PERSON,real_media,mixkit_table_06.mp4,130,AVOID_PERSON,1,batch_B_real,low_light
1.0,0.0,0.0,0.0,0.0,0.0,0.8399344086647034,0.1065234375,0.39375,0.3458333333333333,1.0,0.0,0.0,0.0,0.0,0.0,0.8218674063682556,0.086796875,-0.4,0.325,1.0,0.0,0.0,0.0,0.0,0.0,0.8044166564941406,0.100078125,-0.30625,-0.45416666666666666,0.0,0.0,0.0,1.0,0.0,1.0,1.0,AVOID_PERSON,real_media,mixkit_table_06.mp4,140,AVOID_PERSON,1,batch_B_real,low_light
1.0,0.0,0.0,0.0,0.0,0.0,0.8706425428390503,0.089208984375,-0.38125,0.3333333333333333,1.0,0.0,0.0,0.0,0.0,0.0,0.841631293296814,0.10546875,0.39375,0.3458333333333333,1.0,0.0,0.0,0.0,0.0,0.0,0.8396894931793213,0.09560546875,-0.3125,-0.4583333333333333,0.0,0.0,1.0,0.0,0.0,1.0,1.0,AVOID_PERSON,real_media,mixkit_table_06.mp4,150,AVOID_PERSON,1,batch_B_real,low_light
1.0,0.0,0.0,0.0,0.0,0.0,0.8590042591094971,0.08767578125,-0.378125,0.325,1.0,0.0,0.0,0.0,0.0,0.0,0.8391115069389343,0.10623697916666666,0.39375,0.3416666666666667,1.0,0.0,0.0,0.0,0.0,0.0,0.8514909744262695,0.09031575520833333,-0.33125,-0.4625,0.0,0.0,0.0,0.0,1.0,1.0,1.0,AVOID_PERSON,real_media,mixkit_table_06.mp4,160,AVOID_PERSON,1,batch_B_real,low_light
1.0,0.0,0.0,0.0,0.0,0.0,0.7989264726638794,0.10599609375,0.4,0.35,1.0,0.0,0.0,0.0,0.0,0.0,0.8145235180854797,0.08613932291666666,-0.3875,0.32916666666666666,1.0,0.0,0.0,0.0,0.0,0.0,0.809826672077179,0.0908203125,-0.328125,-0.4625,1.0,0.0,0.0,0.0,0.0,0.0,1.0,AVOID_PERSON,real_media,mixkit_table_06.mp4,170,AVOID_PERSON,1,batch_B_real,low_light
1.0,0.0,0.0,0.0,0.0,0.0,0.814519464969635,0.10677083333333333,0.39375,0.35,1.0,0.0,0.0,0.0,0.0,0.0,0.7934139966964722,0.09361002604166667,-0.3375,-0.44583333333333336,1.0,0.0,0.0,0.0,0.0,0.0,0.8174448609352112,0.06599609375,-0.440625,0.3458333333333333,0.0,1.0,0.0,0.0,0.0,1.0,1.0,AVOID_PERSON,real_media,mixkit_table_06.mp4,180,AVOID_PERSON,1,batch_B_real,low_light
1.0,0.0,0.0,0.0,0.0,0.0,0.8805178999900818,0.0949609375,-0.346875,-0.42083333333333334,1.0,0.0,0.0,0.0,0.0,0.0,0.8144881129264832,0.11012369791666667,0.38125,0.3458333333333333,1.0,0.0,0.0,0.0,0.0,0.0,0.8414101004600525,0.073671875,-0.41875,0.35,1.0,0.0,0.0,0.0,0.0,0.0,1.0,MOVE_TO_CHAIR,real_media,mixkit_table_06.mp4,190,AVOID_PERSON,1,batch_B_real,low_light
1.0,0.0,0.0,0.0,0.0,0.0,0.846759557723999,0.091796875,-0.378125,0.31666666666666665,1.0,0.0,0.0,0.0,0.0,0.0,0.8131777048110962,0.10901692708333334,0.39375,0.35,1.0,0.0,0.0,0.0,0.0,0.0,0.6761071085929871,0.0976171875,-0.325,-0.4375,0.0,0.0,1.0,0.0,0.0,1.0,1.0,MOVE_TO_CHAIR,real_media,mixkit_table_06.mp4,200,AVOID_PERSON,1,batch_B_real,low_light
1.0,0.0,0.0,0.0,0.0,0.0,0.8689693808555603,0.086875,-0.36875,0.325,1.0,0.0,0.0,0.0,0.0,0.0,0.8230941295623779,0.109658203125,0.390625,0.35,1.0,0.0,0.0,0.0,0.0,0.0,0.7164655327796936,0.09514973958333334,-0.321875,-0.4583333333333333,0.0,0.0,1.0,0.0,0.0,1.0,1.0,MOVE_TO_CHAIR,real_media,mixkit_table_06.mp4,210,AVOID_PERSON,1,batch_B_real,low_light
1.0,0.0,0.0,0.0,0.0,0.0,0.8710834980010986,0.08868489583333333,-0.3625,0.32916666666666666,1.0,0.0,0.0,0.0,0.0,0.0,0.7772570252418518,0.11021484375,0.3875,0.35,1.0,0.0,0.0,0.0,0.0,0.0,0.7280774712562561,0.10266927083333334,-0.303125,-0.44583333333333336,0.0,0.0,1.0,0.0,0.0,1.0,1.0,MOVE_TO_CHAIR,real_media,mixkit_table_06.mp4,220,AVOID_PERSON,1,batch_B_real,low_light
1.0,0.0,0.0,0.0,0.0,0.0,0.8698189854621887,0.08932291666666667,-0.35625,0.32916666666666666,1.0,0.0,0.0,0.0,0.0,0.0,0.803182065486908,0.11936848958333333,-0.271875,-0.43333333333333335,1.0,0.0,0.0,0.0,0.0,0.0,0.8123059272766113,0.09232421875,0.371875,0.39166666666666666,0.0,0.0,0.0,0.0,1.0,1.0,1.0,MOVE_TO_CHAIR,real_media,mixkit_table_06.mp4,230,AVOID_PERSON,1,batch_B_real,low_light
1.0,0.0,0.0,0.0,0.0,0.0,0.8575963377952576,0.08732747395833333,-0.359375,0.32916666666666666,1.0,0.0,0.0,0.0,0.0,0.0,0.8018705248832703,0.09643229166666667,0.378125,0.37083333333333335,1.0,0.0,0.0,0.0,0.0,0.0,0.7231408357620239,0.115048828125,-0.275,-0.4375,1.0,0.0,0.0,0.0,0.0,0.0,1.0,MOVE_TO_CHAIR,real_media,mixkit_table_06.mp4,240,AVOID_PERSON,1,batch_B_real,low_light
1.0,0.0,0.0,0.0,0.0,0.0,0.871469259262085,0.0871484375,-0.359375,0.3333333333333333,1.0,0.0,0.0,0.0,0.0,0.0,0.7775147557258606,0.096484375,-0.325,-0.4625,1.0,0.0,0.0,0.0,0.0,0.0,0.7622715830802917,0.10709309895833333,0.3875,0.35,0.0,1.0,0.0,0.0,0.0,1.0,1.0,MOVE_TO_CHAIR,real_media,mixkit_table_06.mp4,250,AVOID_PERSON,1,batch_B_real,low_light
1.0,0.0,0.0,0.0,0.0,0.0,0.8695285320281982,0.08875,-0.353125,0.3333333333333333,1.0,0.0,0.0,0.0,0.0,0.0,0.7393016815185547,0.106650390625,0.39375,0.3458333333333333,1.0,0.0,0.0,0.0,0.0,0.0,0.6471454501152039,0.075,-0.421875,-0.4708333333333333,0.0,1.0,0.0,0.0,0.0,1.0,1.0,MOVE_TO_CHAIR,real_media,mixkit_table_06.mp4,260,AVOID_PERSON,1,batch_B_real,low_light
1.0,0.0,0.0,0.0,0.0,0.0,0.8543444275856018,0.09,-0.353125,0.3333333333333333,1.0,0.0,0.0,0.0,0.0,0.0,0.7004488110542297,0.10705078125,0.396875,0.3458333333333333,1.0,0.0,0.0,0.0,0.0,0.0,0.6289880275726318,0.0795703125,-0.428125,-0.4625,0.0,1.0,0.0,0.0,0.0,1.0,1.0,MOVE_TO_CHAIR,real_media,mixkit_table_06.mp4,270,AVOID_PERSON,1,batch_B_real,low_light
1.0,0.0,0.0,0.0,0.0,0.0,0.8669367432594299,0.08651692708333333,-0.365625,0.32916666666666666,1.0,0.0,0.0,0.0,0.0,0.0,0.766477108001709,0.077197265625,0.375,0.4375,1.0,0.0,0.0,0.0,0.0,0.0,0.5901861786842346,0.10481770833333333,0.4,0.3458333333333333,1.0,0.0,0.0,0.0,0.0,0.0,1.0,MOVE_TO_CHAIR,real_media,mixkit_table_06.mp4,280,AVOID_PERSON,1,batch_B_real,low_light
1.0,0.0,0.0,0.0,0.0,0.0,0.8533087968826294,0.0875,-0.3625,0.32916666666666666,1.0,0.0,0.0,0.0,0.0,0.0,0.7583292722702026,0.0776953125,0.378125,0.4375,1.0,0.0,0.0,0.0,0.0,0.0,0.6035170555114746,0.08083333333333333,-0.4125,-0.45,1.0,0.0,0.0,0.0,0.0,0.0,1.0,MOVE_TO_CHAIR,real_media,mixkit_table_06.mp4,290,AVOID_PERSON,1,batch_B_real,low_light
1.0,0.0,0.0,0.0,0.0,0.0,0.8692173361778259,0.0853515625,-0.3625,0.3333333333333333,1.0,0.0,0.0,0.0,0.0,0.0,0.7559387683868408,0.11466796875,0.390625,0.3333333333333333,1.0,0.0,0.0,0.0,0.0,0.0,0.6910009384155273,0.07770182291666666,0.375,0.4375,1.0,0.0,0.0,0.0,0.0,0.0,1.0,MOVE_TO_CHAIR,real_media,mixkit_table_06.mp4,300,AVOID_PERSON,1,batch_B_real,low_light
1.0,0.0,0.0,0.0,0.0,0.0,0.8340510725975037,0.13557942708333334,0.371875,0.2833333333333333,1.0,0.0,0.0,0.0,0.0,0.0,0.872821569442749,0.08625,-0.3625,0.3333333333333333,1.0,0.0,0.0,0.0,0.0,0.0,0.5963126420974731,0.07767578125,-0.421875,-0.45416666666666666,1.0,0.0,0.0,0.0,0.0,0.0,1.0,MOVE_TO_CHAIR,real_media,mixkit_table_06.mp4,310,AVOID_PERSON,1,batch_B_real,low_light
1.0,0.0,0.0,0.0,0.0,0.0,0.862479567527771,0.08625,-0.365625,0.3333333333333333,1.0,0.0,0.0,0.0,0.0,0.0,0.8050090670585632,0.13234049479166668,0.371875,0.2833333333333333,1.0,0.0,0.0,0.0,0.0,0.0,0.7000099420547485,0.082724609375,-0.41875,-0.4708333333333333,1.0,0.0,0.0,0.0,0.0,0.0,1.0,MOVE_TO_CHAIR,real_media,mixkit_table_06.mp4,320,AVOID_PERSON,1,batch_B_real,low_light
1.0,0.0,0.0,0.0,0.0,0.0,0.792449951171875,0.13177734375,0.371875,0.2833333333333333,1.0,0.0,0.0,0.0,0.0,0.0,0.82457035779953,0.08400390625,-0.365625,0.3416666666666667,1.0,0.0,0.0,0.0,0.0,0.0,0.7017937898635864,0.1015625,-0.36875,-0.45,0.0,0.0,1.0,0.0,0.0,1.0,1.0,MOVE_TO_CHAIR,real_media,mixkit_table_06.mp4,330,AVOID_PERSON,1,batch_B_real,low_light
1.0,0.0,0.0,0.0,0.0,0.0,0.8254361748695374,0.09375,-0.346875,0.3375,1.0,0.0,0.0,0.0,0.0,0.0,0.769621729850769,0.125234375,0.390625,0.2833333333333333,1.0,0.0,0.0,0.0,0.0,0.0,0.750632107257843,0.100546875,-0.33125,-0.44583333333333336,0.0,0.0,1.0,0.0,0.0,1.0,1.0,MOVE_TO_CHAIR,real_media,mixkit_table_06.mp4,340,AVOID_PERSON,1,batch_B_real,low_light
1.0,0.0,0.0,0.0,0.0,0.0,0.832900881767273,0.11991536458333334,0.3875,0.2875,1.0,0.0,0.0,0.0,0.0,0.0,0.8455976843833923,0.08416015625,-0.365625,0.35,1.0,0.0,0.0,0.0,0.0,0.0,0.7454409599304199,0.10293619791666667,-0.321875,-0.42083333333333334,0.0,0.0,1.0,0.0,0.0,1.0,1.0,MOVE_TO_CHAIR,real_media,mixkit_table_06.mp4,350,AVOID_PERSON,1,batch_B_real,low_light
1.0,0.0,0.0,0.0,0.0,0.0,0.8519619107246399,0.08310546875,-0.3625,0.35,1.0,0.0,0.0,0.0,0.0,0.0,0.821609377861023,0.11144205729166666,0.390625,0.32916666666666666,1.0,0.0,0.0,0.0,0.0,0.0,0.7822152972221375,0.101875,-0.321875,-0.4,0.0,0.0,0.0,0.0,1.0,1.0,1.0,MOVE_TO_CHAIR,real_media,mixkit_table_06.mp4,360,AVOID_PERSON,1,batch_B_real,low_light
1.0,0.0,0.0,0.0,0.0,0.0,0.8361786007881165,0.10611979166666667,0.390625,0.3458333333333333,1.0,0.0,0.0,0.0,0.0,0.0,0.8355541825294495,0.08400390625,-0.365625,0.3416666666666667,1.0,0.0,0.0,0.0,0.0,0.0,0.6470381021499634,0.097822265625,-0.321875,-0.4041666666666667,1.0,0.0,0.0,0.0,0.0,0.0,1.0,MOVE_TO_CHAIR,real_media,mixkit_table_06.mp4,370,AVOID_PERSON,1,batch_B_real,low_light
1.0,0.0,0.0,0.0,0.0,0.0,0.8391647338867188,0.08658203125,-0.35625,0.35,1.0,0.0,0.0,0.0,0.0,0.0,0.8013456463813782,0.10763671875,0.38125,0.35,1.0,0.0,0.0,0.0,0.0,0.0,0.6463671922683716,0.100625,-0.31875,-0.4,1.0,0.0,0.0,0.0,0.0,0.0,1.0,MOVE_TO_CHAIR,real_media,mixkit_table_06.mp4,380,AVOID_PERSON,1,batch_B_real,low_light
1.0,0.0,0.0,0.0,0.0,0.0,0.8478160500526428,0.11197916666666667,0.378125,0.35,1.0,0.0,0.0,0.0,0.0,0.0,0.8429358601570129,0.08704752604166667,-0.35625,0.3458333333333333,1.0,0.0,0.0,0.0,0.0,0.0,0.6953288316726685,0.0980859375,-0.315625,-0.4083333333333333,0.0,0.0,0.0,0.0,1.0,1.0,1.0,MOVE_TO_CHAIR,real_media,mixkit_table_06.mp4,390,AVOID_PERSON,1,batch_B_real,low_light
1.0,0.0,0.0,0.0,0.0,0.0,0.8669008016586304,0.08704752604166667,-0.35625,0.3416666666666667,1.0,0.0,0.0,0.0,0.0,0.0,0.8365747928619385,0.11021484375,0.378125,0.35,1.0,0.0,0.0,0.0,0.0,0.0,0.7835882306098938,0.09328776041666667,-0.31875,-0.3958333333333333,1.0,0.0,0.0,0.0,0.0,0.0,1.0,MOVE_TO_CHAIR,real_media,mixkit_table_06.mp4,400,AVOID_PERSON,1,batch_B_real,low_light
1.0,0.0,0.0,0.0,0.0,0.0,0.8501632213592529,0.098115234375,-0.34375,0.31666666666666665,1.0,0.0,0.0,0.0,0.0,0.0,0.8231760263442993,0.10654947916666667,0.38125,0.35,1.0,0.0,0.0,0.0,0.0,0.0,0.6654679775238037,0.0880859375,-0.321875,-0.37083333333333335,0.0,0.0,0.0,1.0,0.0,1.0,1.0,MOVE_TO_CHAIR,real_media,mixkit_table_06.mp4,410,AVOID_PERSON,1,batch_B_real,low_light
1.0,0.0,0.0,0.0,0.0,0.0,0.8149959444999695,0.10771158854166667,0.39375,0.3458333333333333,1.0,0.0,0.0,0.0,0.0,0.0,0.8046063184738159,0.09072916666666667,-0.38125,0.3,1.0,0.0,0.0,0.0,0.0,0.0,0.6644611358642578,0.07604166666666666,-0.321875,-0.39166666666666666,0.0,0.0,0.0,1.0,0.0,1.0,1.0,MOVE_TO_CHAIR,real_media,mixkit_table_06.mp4,420,AVOID_PERSON,1,batch_B_real,low_light
1.0,0.0,0.0,0.0,0.0,0.0,0.8404419422149658,0.10623697916666666,0.390625,0.3458333333333333,1.0,0.0,0.0,0.0,0.0,0.0,0.8252688050270081,0.10208333333333333,-0.36875,0.2791666666666667,1.0,0.0,0.0,0.0,0.0,0.0,0.5105676054954529,0.07541015625,-0.321875,-0.4,0.0,0.0,0.0,1.0,0.0,1.0,1.0,MOVE_TO_CHAIR,real_media,mixkit_table_06.mp4,430,AVOID_PERSON,1,batch_B_real,low_light
1.0,0.0,0.0,0.0,0.0,0.0,0.8322626352310181,0.106884765625,0.384375,0.3458333333333333,1.0,0.0,0.0,0.0,0.0,0.0,0.8180087804794312,0.105107421875,-0.36875,0.2791666666666667,1.0,0.0,0.0,0.0,0.0,0.0,0.39377811551094055,0.07905924479166666,-0.325,-0.3958333333333333,1.0,0.0,0.0,0.0,0.0,0.0,1.0,MOVE_TO_CHAIR,real_media,mixkit_table_06.mp4,440,AVOID_PERSON,1,batch_B_real,low_light
1.0,0.0,0.0,0.0,0.0,0.0,0.8361231684684753,0.105703125,0.3875,0.3458333333333333,1.0,0.0,0.0,0.0,0.0,0.0,0.8022395968437195,0.09697916666666667,-0.38125,0.2708333333333333,1.0,0.0,0.0,0.0,0.0,0.0,0.4925897419452667,0.08012044270833334,-0.321875,-0.4083333333333333,1.0,0.0,0.0,0.0,0.0,0.0,1.0,MOVE_TO_CHAIR,real_media,mixkit_table_06.mp4,450,AVOID_PERSON,1,batch_B_real,low_light
1.0,0.0,0.0,0.0,0.0,0.0,0.8224840760231018,0.10546875,0.390625,0.3458333333333333,1.0,0.0,0.0,0.0,0.0,0.0,0.8029116988182068,0.10265625,-0.3625,0.2916666666666667,1.0,0.0,0.0,0.0,0.0,0.0,0.7651501297950745,0.089140625,-0.321875,-0.425,1.0,0.0,0.0,0.0,0.0,0.0,1.0,MOVE_TO_CHAIR,real_media,mixkit_table_06.mp4,460,AVOID_PERSON,1,batch_B_real,low_light
1.0,0.0,0.0,0.0,0.0,0.0,0.8237640857696533,0.10973958333333333,0.38125,0.35,1.0,0.0,0.0,0.0,0.0,0.0,0.8264923691749573,0.09821940104166667,-0.365625,0.29583333333333334,1.0,0.0,0.0,0.0,0.0,0.0,0.6651900410652161,0.08857096354166667,-0.31875,-0.44166666666666665,1.0,0.0,0.0,0.0,0.0,0.0,1.0,MOVE_TO_CHAIR,real_media,mixkit_table_06.mp4,470,AVOID_PERSON,1,batch_B_real,low_light
1.0,0.0,0.0,0.0,0.0,0.0,0.8906866312026978,0.11556640625,0.359375,0.35833333333333334,1.0,0.0,0.0,0.0,0.0,0.0,0.8437201976776123,0.09244791666666667,-0.359375,0.31666666666666665,1.0,0.0,0.0,0.0,0.0,0.0,0.7988386750221252,0.08806640625,-0.31875,-0.42916666666666664,0.0,0.0,0.0,0.0,1.0,1.0,1.0,MOVE_TO_CHAIR,real_media,mixkit_table_06.mp4,480,AVOID_PERSON,1,batch_B_real,low_light
1.0,0.0,0.0,0.0,0.0,0.0,0.8692234754562378,0.110625,0.371875,0.35833333333333334,1.0,0.0,0.0,0.0,0.0,0.0,0.8482364416122437,0.092255859375,-0.3625,0.30416666666666664,1.0,0.0,0.0,0.0,0.0,0.0,0.8207010626792908,0.087548828125,-0.321875,-0.425,0.0,0.0,1.0,0.0,0.0,1.0,1.0,MOVE_TO_CHAIR,real_media,mixkit_table_06.mp4,490,AVOID_PERSON,1,batch_B_real,low_light
1.0,0.0,0.0,0.0,0.0,0.0,0.8682215213775635,0.10942708333333333,0.375,0.35833333333333334,1.0,0.0,0.0,0.0,0.0,0.0,0.8700001835823059,0.098515625,-0.340625,0.31666666666666665,1.0,0.0,0.0,0.0,0.0,0.0,0.8225640654563904,0.08701822916666667,-0.321875,-0.425,1.0,0.0,0.0,0.0,0.0,0.0,1.0,MOVE_TO_CHAIR,real_media,mixkit_table_06.mp4,500,AVOID_PERSON,1,batch_B_real,low_light
1.0,0.0,0.0,0.0,0.0,0.0,0.8641110062599182,0.10885416666666667,0.375,0.3625,1.0,0.0,0.0,0.0,0.0,0.0,0.8233889937400818,0.11029947916666667,-0.33125,0.3,1.0,0.0,0.0,0.0,0.0,0.0,0.8245945572853088,0.0875390625,-0.31875,-0.42083333333333334,0.0,1.0,0.0,0.0,0.0,1.0,1.0,MOVE_TO_CHAIR,real_media,mixkit_table_06.mp4,510,AVOID_PERSON,1,batch_B_real,low_light
1.0,0.0,0.0,0.0,0.0,0.0,0.8617318272590637,0.10947265625,0.371875,0.3625,1.0,0.0,0.0,0.0,0.0,0.0,0.8228625655174255,0.11498046875,-0.3375,0.2833333333333333,1.0,0.0,0.0,0.0,0.0,0.0,0.6595237851142883,0.08861002604166666,-0.321875,-0.4125,0.0,0.0,0.0,1.0,0.0,1.0,1.0,MOVE_TO_CHAIR,real_media,mixkit_table_06.mp4,520,AVOID_PERSON,1,batch_B_real,low_light
1.0,0.0,0.0,0.0,0.0,0.0,0.8719850778579712,0.10823567708333333,0.371875,0.3625,1.0,0.0,0.0,0.0,0.0,0.0,0.8276411890983582,0.115546875,-0.3375,0.2833333333333333,1.0,0.0,0.0,0.0,0.0,0.0,0.8035351634025574,0.08595703125,-0.321875,-0.42083333333333334,1.0,0.0,0.0,0.0,0.0,0.0,1.0,MOVE_TO_CHAIR,real_media,mixkit_table_06.mp4,530,AVOID_PERSON,1,batch_B_real,low_light
1.0,0.0,0.0,0.0,0.0,0.0,0.8656166791915894,0.108896484375,0.371875,0.3625,1.0,0.0,0.0,0.0,0.0,0.0,0.8434585928916931,0.112314453125,-0.359375,0.30416666666666664,1.0,0.0,0.0,0.0,0.0,0.0,0.571243941783905,0.08542643229166667,-0.321875,-0.425,0.0,0.0,0.0,0.0,1.0,1.0,1.0,MOVE_TO_CHAIR,real_media,mixkit_table_06.mp4,540,AVOID_PERSON,1,batch_B_real,low_light
1.0,0.0,0.0,0.0,0.0,0.0,0.8787612915039062,0.10885416666666667,0.371875,0.36666666666666664,1.0,0.0,0.0,0.0,0.0,0.0,0.8365224003791809,0.111796875,-0.340625,0.2875,1.0,0.0,0.0,0.0,0.0,0.0,0.4822556674480438,0.09869140625,-0.321875,-0.36666666666666664,0.0,0.0,1.0,0.0,0.0,1.0,1.0,MOVE_TO_CHAIR,real_media,mixkit_table_06.mp4,550,AVOID_PERSON,1,batch_B_real,low_light
1.0,0.0,0.0,0.0,0.0,0.0,0.8721411824226379,0.10770833333333334,0.371875,0.36666666666666664,1.0,0.0,0.0,0.0,0.0,0.0,0.8495118021965027,0.1096875,-0.34375,0.2875,1.0,0.0,0.0,0.0,0.0,0.0,0.5881924033164978,0.09538411458333333,-0.321875,-0.3875,1.0,0.0,0.0,0.0,0.0,0.0,1.0,MOVE_TO_CHAIR,real_media,mixkit_table_06.mp4,560,AVOID_PERSON,1,batch_B_real,low_light
1.0,0.0,0.0,0.0,0.0,0.0,0.8621673583984375,0.10652669270833333,0.371875,0.36666666666666664,1.0,0.0,0.0,0.0,0.0,0.0,0.8713682293891907,0.09388671875,-0.36875,0.275,1.0,0.0,0.0,0.0,0.0,0.0,0.684352457523346,0.10611979166666667,-0.321875,-0.35833333333333334,0.0,0.0,0.0,1.0,0.0,1.0,1.0,MOVE_TO_CHAIR,real_media,mixkit_table_06.mp4,570,AVOID_PERSON,1,batch_B_real,low_light
1.0,0.0,0.0,0.0,0.0,0.0,0.8705390095710754,0.1065625,0.371875,0.37083333333333335,1.0,0.0,0.0,0.0,0.0,0.0,0.8338763117790222,0.09186848958333334,-0.36875,0.2833333333333333,1.0,0.0,0.0,0.0,0.0,0.0,0.7782625555992126,0.08701822916666667,-0.321875,-0.4375,1.0,0.0,0.0,0.0,0.0,0.0,1.0,MOVE_TO_CHAIR,real_media,mixkit_table_06.mp4,580,AVOID_PERSON,1,batch_B_real,low_light
1.0,0.0,0.0,0.0,0.0,0.0,0.86855548620224,0.10595703125,0.371875,0.37083333333333335,1.0,0.0,0.0,0.0,0.0,0.0,0.8349518775939941,0.08854166666666667,-0.371875,0.2791666666666667,1.0,0.0,0.0,0.0,0.0,0.0,0.8142201900482178,0.09990234375,-0.31875,-0.38333333333333336,1.0,0.0,0.0,0.0,0.0,0.0,1.0,CHECK_TABLE,real_media,mixkit_table_06.mp4,590,AVOID_PERSON,1,batch_B_real,low_light
1.0,0.0,0.0,0.0,0.0,0.0,0.8770299553871155,0.10598958333333333,0.375,0.37083333333333335,1.0,0.0,0.0,0.0,0.0,0.0,0.8489843606948853,0.0931640625,-0.378125,0.325,1.0,0.0,0.0,0.0,0.0,0.0,0.7665444612503052,0.0880859375,-0.315625,-0.42916666666666664,1.0,0.0,0.0,0.0,0.0,0.0,1.0,CHECK_TABLE,real_media,mixkit_table_06.mp4,600,AVOID_PERSON,1,batch_B_real,low_light
1.0,0.0,0.0,0.0,0.0,0.0,0.8618877530097961,0.106015625,0.371875,0.37916666666666665,1.0,0.0,0.0,0.0,0.0,0.0,0.8642145991325378,0.09296875,-0.375,0.325,1.0,0.0,0.0,0.0,0.0,0.0,0.759772777557373,0.088623046875,-0.315625,-0.42916666666666664,0.0,0.0,0.0,0.0,1.0,1.0,1.0,CHECK_TABLE,real_media,mixkit_table_06.mp4,610,AVOID_PERSON,1,batch_B_real,low_light
1.0,0.0,0.0,0.0,0.0,0.0,0.8809082508087158,0.10138671875,0.38125,0.3875,1.0,0.0,0.0,0.0,0.0,0.0,0.8398380279541016,0.07662760416666667,-0.396875,0.2833333333333333,1.0,0.0,0.0,0.0,0.0,0.0,0.8169987201690674,0.08806640625,-0.31875,-0.43333333333333335,0.0,0.0,1.0,0.0,0.0,1.0,1.0,CHECK_TABLE,real_media,mixkit_table_06.mp4,620,AVOID_PERSON,1,batch_B_real,low_light
1.0,0.0,0.0,0.0,0.0,0.0,0.8832343220710754,0.10080403645833333,0.38125,0.3875,1.0,0.0,0.0,0.0,0.0,0.0,0.8323796987533569,0.08020833333333334,-0.390625,0.275,1.0,0.0,0.0,0.0,0.0,0.0,0.7996702194213867,0.07405598958333333,-0.38125,-0.44166666666666665,0.0,0.0,0.0,1.0,0.0,1.0,1.0,CHECK_TABLE,real_media,mixkit_table_06.mp4,630,AVOID_PERSON,1,batch_B_real,low_light
1.0,0.0,0.0,0.0,0.0,0.0,0.8722676634788513,0.1025390625,0.384375,0.3875,1.0,0.0,0.0,0.0,0.0,0.0,0.8156132102012634,0.08310546875,-0.390625,0.2916666666666667,1.0,0.0,0.0,0.0,0.0,0.0,0.7802205681800842,0.0697265625,-0.403125,-0.4708333333333333,0.0,0.0,0.0,1.0,0.0,1.0,1.0,CHECK_TABLE,real_media,mixkit_table_06.mp4,640,AVOID_PERSON,1,batch_B_real,low_light
1.0,0.0,0.0,0.0,0.0,0.0,0.863161563873291,0.1048828125,0.378125,0.3875,1.0,0.0,0.0,0.0,0.0,0.0,0.8091603517532349,0.0815625,-0.390625,0.29583333333333334,1.0,0.0,0.0,0.0,0.0,0.0,0.6774208545684814,0.076875,-0.3875,-0.45416666666666666,1.0,0.0,0.0,0.0,0.0,0.0,1.0,CHECK_TABLE,real_media,mixkit_table_06.mp4,650,AVOID_PERSON,1,batch_B_real,low_light
1.0,0.0,0.0,0.0,0.0,0.0,0.8616388440132141,0.11017903645833334,0.365625,0.3875,1.0,0.0,0.0,0.0,0.0,0.0,0.741664707660675,0.081640625,-0.39375,0.32083333333333336,1.0,0.0,0.0,0.0,0.0,0.0,0.5186997652053833,0.073271484375,-0.3875,-0.4666666666666667,0.0,0.0,0.0,0.0,1.0,1.0,1.0,CHECK_TABLE,real_media,mixkit_table_06.mp4,660,AVOID_PERSON,1,batch_B_real,low_light
1.0,0.0,0.0,0.0,0.0,0.0,0.8814314603805542,0.10958984375,0.365625,0.37916666666666665,1.0,0.0,0.0,0.0,0.0,0.0,0.7731893658638,0.08113932291666667,-0.396875,0.32916666666666666,1.0,0.0,0.0,0.0,0.0,0.0,0.46808668971061707,0.007337239583333334,0.959375,-0.24583333333333332,1.0,0.0,0.0,0.0,0.0,0.0,1.0,CHECK_TABLE,real_media,mixkit_table_06.mp4,670,AVOID_PERSON,1,batch_B_real,low_light
1.0,0.0,0.0,0.0,0.0,0.0,0.8749717473983765,0.1065625,0.38125,0.375,1.0,0.0,0.0,0.0,0.0,0.0,0.731006383895874,0.078515625,-0.396875,0.32916666666666666,1.0,0.0,0.0,0.0,0.0,0.0,0.41470491886138916,0.080859375,-0.384375,-0.4,0.0,0.0,0.0,0.0,1.0,1.0,1.0,CHECK_TABLE,real_media,mixkit_table_06.mp4,680,AVOID_PERSON,1,batch_B_real,low_light
1.0,0.0,0.0,0.0,0.0,0.0,0.8778666853904724,0.10474609375,0.38125,0.37916666666666665,1.0,0.0,0.0,0.0,0.0,0.0,0.8077244758605957,0.075390625,-0.396875,0.325,1.0,0.0,0.0,0.0,0.0,0.0,0.7150744199752808,0.076953125,-0.384375,-0.4166666666666667,0.0,0.0,0.0,0.0,1.0,1.0,1.0,CHECK_TABLE,real_media,mixkit_table_06.mp4,690,AVOID_PERSON,1,batch_B_real,low_light
1.0,0.0,0.0,0.0,0.0,0.0,0.8769553899765015,0.10478515625,0.378125,0.375,1.0,0.0,0.0,0.0,0.0,0.0,0.8037089705467224,0.07451822916666667,-0.4,0.325,1.0,0.0,0.0,0.0,0.0,0.0,0.7010430097579956,0.075537109375,-0.3875,-0.42083333333333334,1.0,0.0,0.0,0.0,0.0,0.0,1.0,CHECK_TABLE,real_media,mixkit_table_06.mp4,700,AVOID_PERSON,1,batch_B_real,low_light
1.0,0.0,0.0,0.0,0.0,0.0,0.8929022550582886,0.10837890625,0.371875,0.37916666666666665,1.0,0.0,0.0,0.0,0.0,0.0,0.7906290292739868,0.074267578125,-0.40625,0.32916666666666666,1.0,0.0,0.0,0.0,0.0,0.0,0.6659576296806335,0.07514973958333333,-0.3875,-0.4166666666666667,1.0,0.0,0.0,0.0,0.0,0.0,1.0,CHECK_TABLE,real_media,mixkit_table_06.mp4,710,AVOID_PERSON,1,batch_B_real,low_light
1.0,0.0,0.0,0.0,0.0,0.0,0.8530370593070984,0.09755859375,0.4,0.375,1.0,0.0,0.0,0.0,0.0,0.0,0.739347517490387,0.072998046875,-0.409375,0.32916666666666666,1.0,0.0,0.0,0.0,0.0,0.0,0.557023286819458,0.07601888020833333,-0.3875,-0.42083333333333334,1.0,0.0,0.0,0.0,0.0,0.0,1.0,CHECK_TABLE,real_media,mixkit_table_06.mp4,720,AVOID_PERSON,1,batch_B_real,low_light
1.0,0.0,0.0,0.0,0.0,0.0,0.8539789319038391,0.094453125,0.4,0.375,1.0,0.0,0.0,0.0,0.0,0.0,0.7456679344177246,0.07236328125,-0.4125,0.3333333333333333,1.0,0.0,0.0,0.0,0.0,0.0,0.5554871559143066,0.071484375,-0.3875,-0.4375,1.0,0.0,0.0,0.0,0.0,0.0,1.0,CHECK_TABLE,real_media,mixkit_table_06.mp4,730,AVOID_PERSON,1,batch_B_real,low_light
1.0,0.0,0.0,0.0,0.0,0.0,0.8647237420082092,0.094453125,0.4,0.375,1.0,0.0,0.0,0.0,0.0,0.0,0.7589641213417053,0.074267578125,-0.409375,0.3375,1.0,0.0,0.0,0.0,0.0,0.0,0.5840374231338501,0.07421875,-0.384375,-0.42083333333333334,1.0,0.0,0.0,0.0,0.0,0.0,1.0,CHECK_TABLE,real_media,mixkit_table_06.mp4,740,AVOID_PERSON,1,batch_B_real,low_light
1.0,0.0,0.0,0.0,0.0,0.0,0.8591681122779846,0.094453125,0.396875,0.375,1.0,0.0,0.0,0.0,0.0,0.0,0.7442134618759155,0.07451822916666667,-0.40625,0.3375,1.0,0.0,0.0,0.0,0.0,0.0,0.37111759185791016,0.07029296875,-0.3875,-0.44166666666666665,1.0,0.0,0.0,0.0,0.0,0.0,1.0,CHECK_TABLE,real_media,mixkit_table_06.mp4,750,AVOID_PERSON,1,batch_B_real,low_light
1.0,0.0,0.0,0.0,0.0,0.0,0.783930242061615,0.11544596354166667,0.378125,0.3333333333333333,1.0,0.0,0.0,0.0,0.0,0.0,0.7396817803382874,0.07336588541666667,-0.40625,0.3375,1.0,0.0,0.0,0.0,0.0,0.0,0.5314309597015381,0.07734375,-0.384375,-0.4083333333333333,1.0,0.0,0.0,0.0,0.0,0.0,1.0,CHECK_TABLE,real_media,mixkit_table_06.mp4,760,AVOID_PERSON,1,batch_B_real,low_light
1.0,0.0,0.0,0.0,0.0,0.0,0.7838950753211975,0.12733072916666666,0.4125,0.24166666666666667,1.0,0.0,0.0,0.0,0.0,0.0,0.7417387962341309,0.071982421875,-0.409375,0.3375,1.0,0.0,0.0,0.0,0.0,0.0,0.5937882661819458,0.07708658854166667,-0.3875,-0.4083333333333333,1.0,0.0,0.0,0.0,0.0,0.0,1.0,CHECK_TABLE,real_media,mixkit_table_06.mp4,770,AVOID_PERSON,1,batch_B_real,low_light
1.0,0.0,0.0,0.0,0.0,0.0,0.842833399772644,0.1175390625,0.40625,0.275,1.0,0.0,0.0,0.0,0.0,0.0,0.7525910139083862,0.0716015625,-0.409375,0.3333333333333333,1.0,0.0,0.0,0.0,0.0,0.0,0.6581395268440247,0.07567057291666666,-0.384375,-0.4125,0.0,0.0,0.0,0.0,1.0,1.0,1.0,CHECK_TABLE,real_media,mixkit_table_06.mp4,780,AVOID_PERSON,1,batch_B_real,low_light
1.0,0.0,0.0,0.0,0.0,0.0,0.7624712586402893,0.103125,0.390625,0.37083333333333335,1.0,0.0,0.0,0.0,0.0,0.0,0.7290641665458679,0.07061197916666667,-0.409375,0.3333333333333333,1.0,0.0,0.0,0.0,0.0,0.0,0.5929591059684753,0.0765625,-0.384375,-0.4125,0.0,0.0,0.0,0.0,1.0,1.0,1.0,CHECK_TABLE,real_media,mixkit_table_06.mp4,790,AVOID_PERSON,1,batch_B_real,low_light
1.0,0.0,0.0,0.0,0.0,0.0,0.7817696928977966,0.102744140625,0.384375,0.37083333333333335,1.0,0.0,0.0,0.0,0.0,0.0,0.7506375908851624,0.07174479166666667,-0.409375,0.3416666666666667,1.0,0.0,0.0,0.0,0.0,0.0,0.616553008556366,0.07631184895833333,-0.3875,-0.4125,1.0,0.0,0.0,0.0,0.0,0.0,1.0,CHECK_TABLE,real_media,mixkit_table_06.mp4,800,AVOID_PERSON,1,batch_B_real,low_light
1.0,0.0,0.0,0.0,0.0,0.0,0.7269008159637451,0.11998697916666666,0.35625,0.37083333333333335,1.0,0.0,0.0,0.0,0.0,0.0,0.7530260682106018,0.0716015625,-0.409375,0.3375,1.0,0.0,0.0,0.0,0.0,0.0,0.6714256405830383,0.07592447916666667,-0.384375,-0.4125,1.0,0.0,0.0,0.0,0.0,0.0,1.0,CHECK_TABLE,real_media,mixkit_table_06.mp4,810,AVOID_PERSON,1,batch_B_real,low_light
1.0,0.0,0.0,0.0,0.0,0.0,0.774350643157959,0.11625,0.35625,0.36666666666666664,1.0,0.0,0.0,0.0,0.0,0.0,0.7603012323379517,0.0716015625,-0.409375,0.3375,1.0,0.0,0.0,0.0,0.0,0.0,0.6102616190910339,0.0765625,-0.384375,-0.4125,1.0,0.0,0.0,0.0,0.0,0.0,1.0,CHECK_TABLE,real_media,mixkit_table_06.mp4,820,AVOID_PERSON,1,batch_B_real,low_light
1.0,0.0,0.0,0.0,0.0,0.0,0.7435417175292969,0.115,0.35625,0.36666666666666664,1.0,0.0,0.0,0.0,0.0,0.0,0.7248724102973938,0.069765625,-0.409375,0.3375,1.0,0.0,0.0,0.0,0.0,0.0,0.6367223262786865,0.07514973958333333,-0.384375,-0.4166666666666667,1.0,0.0,0.0,0.0,0.0,0.0,1.0,CHECK_TABLE,real_media,mixkit_table_06.mp4,830,AVOID_PERSON,1,batch_B_real,low_light
1.0,0.0,0.0,0.0,0.0,0.0,0.7309844493865967,0.113779296875,0.35625,0.3625,1.0,0.0,0.0,0.0,0.0,0.0,0.734703779220581,0.07037760416666666,-0.409375,0.3333333333333333,1.0,0.0,0.0,0.0,0.0,0.0,0.639148473739624,0.07578125,-0.384375,-0.4166666666666667,1.0,0.0,0.0,0.0,0.0,0.0,1.0,CHECK_TABLE,real_media,mixkit_table_06.mp4,840,AVOID_PERSON,1,batch_B_real,low_light
1.0,0.0,0.0,0.0,0.0,0.0,0.7495354413986206,0.115,0.35625,0.36666666666666664,1.0,0.0,0.0,0.0,0.0,0.0,0.7216177582740784,0.070751953125,-0.409375,0.3333333333333333,1.0,0.0,0.0,0.0,0.0,0.0,0.5355651378631592,0.070703125,-0.3875,-0.44166666666666665,1.0,0.0,0.0,0.0,0.0,0.0,1.0,CHECK_TABLE,real_media,mixkit_table_06.mp4,850,AVOID_PERSON,1,batch_B_real,low_light
1.0,0.0,0.0,0.0,0.0,0.0,0.7177878618240356,0.115625,0.359375,0.3625,1.0,0.0,0.0,0.0,0.0,0.0,0.7521458864212036,0.07013671875,-0.409375,0.3333333333333333,1.0,0.0,0.0,0.0,0.0,0.0,0.6437346339225769,0.073046875,-0.384375,-0.42916666666666664,1.0,0.0,0.0,0.0,0.0,0.0,1.0,CHECK_TABLE,real_media,mixkit_table_06.mp4,860,AVOID_PERSON,1,batch_B_real,low_light
1.0,0.0,0.0,0.0,0.0,0.0,0.7470054030418396,0.1205859375,0.359375,0.36666666666666664,1.0,0.0,0.0,0.0,0.0,0.0,0.7528747916221619,0.0713671875,-0.409375,0.3333333333333333,1.0,0.0,0.0,0.0,0.0,0.0,0.637226939201355,0.073828125,-0.384375,-0.425,1.0,0.0,0.0,0.0,0.0,0.0,1.0,CHECK_TABLE,real_media,mixkit_table_06.mp4,870,AVOID_PERSON,1,batch_B_real,low_light
1.0,0.0,0.0,0.0,0.0,0.0,0.7409305572509766,0.11935546875,0.359375,0.37083333333333335,1.0,0.0,0.0,0.0,0.0,0.0,0.7354402542114258,0.0713671875,-0.40625,0.3333333333333333,1.0,0.0,0.0,0.0,0.0,0.0,0.6200389862060547,0.07398763020833334,-0.384375,-0.42083333333333334,1.0,0.0,0.0,0.0,0.0,0.0,1.0,CHECK_TABLE,real_media,mixkit_table_06.mp4,880,AVOID_PERSON,1,batch_B_real,low_light
1.0,0.0,0.0,0.0,0.0,0.0,0.7457048296928406,0.1119921875,0.3625,0.37083333333333335,1.0,0.0,0.0,0.0,0.0,0.0,0.7609313726425171,0.07174479166666667,-0.409375,0.3375,1.0,0.0,0.0,0.0,0.0,0.0,0.6364258527755737,0.07398763020833334,-0.384375,-0.42083333333333334,1.0,0.0,0.0,0.0,0.0,0.0,1.0,CHECK_TABLE,real_media,mixkit_table_06.mp4,890,AVOID_PERSON,1,batch_B_real,low_light
1.0,0.0,0.0,0.0,0.0,0.0,0.7401341199874878,0.1225,0.3625,0.36666666666666664,1.0,0.0,0.0,0.0,0.0,0.0,0.7584851980209351,0.0716015625,-0.409375,0.3375,1.0,0.0,0.0,0.0,0.0,0.0,0.6700314879417419,0.074375,-0.384375,-0.4166666666666667,1.0,0.0,0.0,0.0,0.0,0.0,1.0,CHECK_TABLE,real_media,mixkit_table_06.mp4,900,AVOID_PERSON,1,batch_B_real,low_light
1.0,0.0,0.0,0.0,0.0,0.0,0.7276518940925598,0.12186197916666666,0.3625,0.36666666666666664,1.0,0.0,0.0,0.0,0.0,0.0,0.7543129920959473,0.0716015625,-0.409375,0.3375,1.0,0.0,0.0,0.0,0.0,0.0,0.7068324685096741,0.07413411458333333,-0.384375,-0.42083333333333334,1.0,0.0,0.0,0.0,0.0,0.0,1.0,CHECK_TABLE,real_media,mixkit_table_06.mp4,910,AVOID_PERSON,1,batch_B_real,low_light
1.0,0.0,0.0,0.0,0.0,0.0,0.767467737197876,0.09839518229166666,0.375,0.38333333333333336,1.0,0.0,0.0,0.0,0.0,0.0,0.756900429725647,0.07061197916666667,-0.4125,0.3416666666666667,1.0,0.0,0.0,0.0,0.0,0.0,0.7444009184837341,0.07490234375,-0.384375,-0.4125,1.0,0.0,0.0,0.0,0.0,0.0,1.0,CHECK_TABLE,real_media,mixkit_table_06.mp4,920,AVOID_PERSON,1,batch_B_real,low_light
1.0,0.0,0.0,0.0,0.0,0.0,0.8104917407035828,0.0762890625,-0.39375,0.3458333333333333,1.0,0.0,0.0,0.0,0.0,0.0,0.7520816922187805,0.111328125,0.371875,0.36666666666666664,1.0,0.0,0.0,0.0,0.0,0.0,0.7657037973403931,0.07708658854166667,-0.384375,-0.4041666666666667,1.0,0.0,0.0,0.0,0.0,0.0,1.0,CHECK_TABLE,real_media,mixkit_table_06.mp4,930,AVOID_PERSON,1,batch_B_real,low_light
1.0,0.0,0.0,0.0,0.0,0.0,0.861876368522644,0.0790625,-0.38125,0.35,1.0,0.0,0.0,0.0,0.0,0.0,0.7591124176979065,0.10617513020833333,0.371875,0.37083333333333335,1.0,0.0,0.0,0.0,0.0,0.0,0.7204738855361938,0.071875,-0.38125,-0.4375,0.0,1.0,0.0,0.0,0.0,1.0,1.0,CHECK_TABLE,real_media,mixkit_table_06.mp4,940,AVOID_PERSON,1,batch_B_real,low_light
1.0,0.0,0.0,0.0,0.0,0.0,0.8912387490272522,0.100439453125,-0.340625,0.3458333333333333,1.0,0.0,0.0,0.0,0.0,0.0,0.7799749374389648,0.11044921875,0.378125,0.37916666666666665,1.0,0.0,0.0,0.0,0.0,0.0,0.7956976890563965,0.067578125,-0.384375,-0.4583333333333333,0.0,1.0,0.0,0.0,0.0,1.0,1.0,CHECK_TABLE,real_media,mixkit_table_06.mp4,950,AVOID_PERSON,1,batch_B_real,low_light
1.0,0.0,0.0,0.0,0.0,0.0,0.8670064210891724,0.10805989583333334,-0.35,0.32916666666666666,1.0,0.0,0.0,0.0,0.0,0.0,0.8502004146575928,0.111884765625,0.375,0.37916666666666665,1.0,0.0,0.0,0.0,0.0,0.0,0.6212705969810486,0.072265625,-0.3875,-0.42916666666666664,0.0,1.0,0.0,0.0,0.0,1.0,1.0,CHECK_TABLE,real_media,mixkit_table_06.mp4,960,AVOID_PERSON,1,batch_B_real,low_light
1.0,0.0,0.0,0.0,0.0,0.0,0.8428444266319275,0.11703125,0.371875,0.37083333333333335,1.0,0.0,0.0,0.0,0.0,0.0,0.8189845085144043,0.09442708333333333,-0.40625,0.3416666666666667,0.0,1.0,0.0,0.0,0.0,0.0,0.7999390959739685,0.042333984375,-0.575,0.5291666666666667,0.0,1.0,0.0,0.0,0.0,1.0,1.0,CHECK_TABLE,real_media,mixkit_table_06.mp4,970,AVOID_PERSON,1,batch_B_real,low_light
1.0,0.0,0.0,0.0,0.0,0.0,0.8427401185035706,0.111181640625,0.4,0.36666666666666664,1.0,0.0,0.0,0.0,0.0,0.0,0.8204553723335266,0.0734375,-0.459375,0.3416666666666667,1.0,0.0,0.0,0.0,0.0,0.0,0.5944411158561707,0.07360026041666666,-0.390625,-0.42083333333333334,0.0,0.0,1.0,0.0,0.0,1.0,1.0,CHECK_TABLE,real_media,mixkit_table_06.mp4,980,AVOID_PERSON,1,batch_B_real,low_light
1.0,0.0,0.0,0.0,0.0,0.0,0.8635388612747192,0.07072916666666666,-0.475,0.37916666666666665,1.0,0.0,0.0,0.0,0.0,0.0,0.8128745555877686,0.1098828125,0.43125,0.3625,1.0,0.0,0.0,0.0,0.0,0.0,0.669668436050415,0.06568359375,-0.3875,-0.4625,0.0,0.0,0.0,0.0,1.0,1.0,1.0,EXPLORE,real_media,mixkit_table_06.mp4,990,AVOID_PERSON,1,batch_B_real,low_light
1.0,0.0,0.0,0.0,0.0,0.0,0.8330069184303284,0.10638997395833333,0.415625,0.35,1.0,0.0,0.0,0.0,0.0,0.0,0.7630305290222168,0.067314453125,-0.471875,0.36666666666666664,0.0,1.0,0.0,0.0,0.0,0.0,0.6532564163208008,0.064453125,0.59375,0.5291666666666667,0.0,1.0,0.0,0.0,0.0,1.0,1.0,EXPLORE,real_media,mixkit_table_06.mp4,1000,AVOID_PERSON,1,batch_B_real,low_light
1.0,0.0,0.0,0.0,0.0,0.0,0.8236732482910156,0.107080078125,0.40625,0.3375,1.0,0.0,0.0,0.0,0.0,0.0,0.7414733171463013,0.08681640625,-0.434375,0.4166666666666667,1.0,0.0,0.0,0.0,0.0,0.0,0.6984418034553528,0.06949869791666667,-0.390625,-0.475,0.0,1.0,0.0,0.0,0.0,1.0,1.0,EXPLORE,real_media,mixkit_table_06.mp4,1010,AVOID_PERSON,1,batch_B_real,low_light
1.0,0.0,0.0,0.0,0.0,0.0,0.8039785623550415,0.09635416666666667,-0.396875,0.4,1.0,0.0,0.0,0.0,0.0,0.0,0.7118390798568726,0.1026171875,0.403125,0.32916666666666666,1.0,0.0,0.0,0.0,0.0,0.0,0.7108443975448608,0.07029296875,-0.390625,-0.4708333333333333,0.0,0.0,0.0,1.0,0.0,1.0,1.0,EXPLORE,real_media,mixkit_table_06.mp4,1020,AVOID_PERSON,1,batch_B_real,low_light
1.0,0.0,0.0,0.0,0.0,0.0,0.7886200547218323,0.09861328125,-0.384375,0.3875,1.0,0.0,0.0,0.0,0.0,0.0,0.7565197348594666,0.10076497395833334,0.390625,0.3333333333333333,1.0,0.0,0.0,0.0,0.0,0.0,0.7500075697898865,0.068359375,-0.3875,-0.4625,0.0,0.0,1.0,0.0,0.0,1.0,1.0,EXPLORE,real_media,mixkit_table_06.mp4,1030,AVOID_PERSON,1,batch_B_real,low_light
1.0,0.0,0.0,0.0,0.0,0.0,0.8114446997642517,0.10282552083333334,0.4,0.325,1.0,0.0,0.0,0.0,0.0,0.0,0.8063104748725891,0.098388671875,-0.3875,0.3958333333333333,1.0,0.0,0.0,0.0,0.0,0.0,0.7066522240638733,0.069716796875,-0.3875,-0.45416666666666666,1.0,0.0,0.0,0.0,0.0,0.0,1.0,EXPLORE,real_media,mixkit_table_06.mp4,1040,AVOID_PERSON,1,batch_B_real,low_light
1.0,0.0,0.0,0.0,0.0,0.0,0.8387869596481323,0.096484375,-0.384375,0.3958333333333333,1.0,0.0,0.0,0.0,0.0,0.0,0.83362877368927,0.10088541666666667,0.39375,0.32916666666666666,1.0,0.0,0.0,0.0,0.0,0.0,0.7382681965827942,0.066240234375,-0.3875,-0.4625,1.0,0.0,0.0,0.0,0.0,0.0,1.0,EXPLORE,real_media,mixkit_table_06.mp4,1050,AVOID_PERSON,1,batch_B_real,low_light
1.0,0.0,0.0,0.0,0.0,0.0,0.8286516666412354,0.10390625,0.396875,0.325,1.0,0.0,0.0,0.0,0.0,0.0,0.8210014700889587,0.09375,-0.39375,0.3958333333333333,1.0,0.0,0.0,0.0,0.0,0.0,0.7109647989273071,0.06701497395833333,-0.3875,-0.4583333333333333,0.0,0.0,0.0,1.0,0.0,1.0,1.0,EXPLORE,real_media,mixkit_table_06.mp4,1060,AVOID_PERSON,1,batch_B_real,low_light
1.0,0.0,0.0,0.0,0.0,0.0,0.8557559847831726,0.10677734375,0.403125,0.32083333333333336,1.0,0.0,0.0,0.0,0.0,0.0,0.7716236114501953,0.09814453125,-0.39375,0.4,1.0,0.0,0.0,0.0,0.0,0.0,0.6513936519622803,0.0703125,-0.3875,-0.44166666666666665,0.0,0.0,1.0,0.0,0.0,1.0,1.0,EXPLORE,real_media,mixkit_table_06.mp4,1070,AVOID_PERSON,1,batch_B_real,low_light
1.0,0.0,0.0,0.0,0.0,0.0,0.8396261930465698,0.10302734375,0.4,0.325,1.0,0.0,0.0,0.0,0.0,0.0,0.7968014478683472,0.095625,-0.403125,0.3958333333333333,1.0,0.0,0.0,0.0,0.0,0.0,0.6977978944778442,0.06953125,-0.3875,-0.44583333333333336,1.0,0.0,0.0,0.0,0.0,0.0,1.0,EXPLORE,real_media,mixkit_table_06.mp4,1080,AVOID_PERSON,1,batch_B_real,low_light
1.0,0.0,0.0,0.0,0.0,0.0,0.8279582262039185,0.10302734375,0.396875,0.325,1.0,0.0,0.0,0.0,0.0,0.0,0.6904026865959167,0.0946875,-0.4,0.3875,1.0,0.0,0.0,0.0,0.0,0.0,0.711154580116272,0.07050455729166667,-0.3875,-0.45,1.0,0.0,0.0,0.0,0.0,0.0,1.0,EXPLORE,real_media,mixkit_table_06.mp4,1090,AVOID_PERSON,1,batch_B_real,low_light
1.0,0.0,0.0,0.0,0.0,0.0,0.8367975950241089,0.10302734375,0.396875,0.325,1.0,0.0,0.0,0.0,0.0,0.0,0.7235835194587708,0.071484375,-0.3875,-0.44583333333333336,1.0,0.0,0.0,0.0,0.0,0.0,0.6806607246398926,0.095009765625,-0.403125,0.3875,1.0,0.0,0.0,0.0,0.0,0.0,1.0,EXPLORE,real_media,mixkit_table_06.mp4,1100,AVOID_PERSON,1,batch_B_real,low_light
1.0,0.0,0.0,0.0,0.0,0.0,0.8428398370742798,0.103515625,0.396875,0.325,1.0,0.0,0.0,0.0,0.0,0.0,0.8126778602600098,0.0872265625,-0.415625,0.36666666666666664,1.0,0.0,0.0,0.0,0.0,0.0,0.7298087477684021,0.07129231770833333,-0.390625,-0.44166666666666665,0.0,0.0,0.0,1.0,0.0,1.0,1.0,EXPLORE,real_media,mixkit_table_06.mp4,1110,AVOID_PERSON,1,batch_B_real,low_light
1.0,0.0,0.0,0.0,0.0,0.0,0.8677833080291748,0.09140625,-0.384375,0.35,1.0,0.0,0.0,0.0,0.0,0.0,0.8381795883178711,0.10658203125,0.396875,0.325,1.0,0.0,0.0,0.0,0.0,0.0,0.7382382154464722,0.06892903645833333,-0.3875,-0.45416666666666666,0.0,0.0,0.0,1.0,0.0,1.0,1.0,EXPLORE,real_media,mixkit_table_06.mp4,1120,AVOID_PERSON,1,batch_B_real,low_light
1.0,0.0,0.0,0.0,0.0,0.0,0.853493332862854,0.0326953125,-0.621875,0.6125,1.0,0.0,0.0,0.0,0.0,0.0,0.7776804566383362,0.013502604166666666,-0.478125,0.8666666666666667,1.0,0.0,0.0,0.0,0.0,0.0,0.6722731590270996,0.020947265625,-0.3375,0.6791666666666667,1.0,0.0,0.0,0.0,0.0,0.0,1.0,EXPLORE,real_media,mixkit_table_07.mp4,10,MOVE_TO_CHAIR,1,batch_B_real,low_light
1.0,0.0,0.0,0.0,0.0,0.0,0.6468192338943481,0.0172265625,0.703125,-0.025,0.0,1.0,0.0,0.0,0.0,0.0,0.7179008722305298,0.014322916666666666,0.10625,0.8291666666666667,1.0,0.0,0.0,0.0,0.0,0.0,0.5636814832687378,0.0036458333333333334,0.1375,0.05416666666666667,0.0,0.0,1.0,0.0,0.0,1.0,1.0,EXPLORE,real_media,mixkit_table_07.mp4,20,MOVE_TO_CHAIR,1,batch_B_real,low_light
1.0,0.0,0.0,0.0,0.0,0.0,0.6430218815803528,0.014713541666666666,-0.63125,-0.058333333333333334,1.0,0.0,0.0,0.0,0.0,0.0,0.5761147737503052,0.01890625,0.71875,-0.025,1.0,0.0,0.0,0.0,0.0,0.0,0.5459870100021362,0.020625,0.596875,0.6041666666666666,0.0,0.0,1.0,0.0,0.0,1.0,1.0,EXPLORE,real_media,mixkit_table_07.mp4,30,MOVE_TO_CHAIR,1,batch_B_real,low_light
1.0,0.0,0.0,0.0,0.0,0.0,0.7223541140556335,0.00921875,-0.903125,-0.19166666666666668,1.0,0.0,0.0,0.0,0.0,0.0,0.6702365279197693,0.01392578125,-0.953125,0.14166666666666666,1.0,0.0,0.0,0.0,0.0,0.0,0.6412700414657593,0.017578125,0.9125,-0.020833333333333332,0.0,0.0,1.0,0.0,0.0,1.0,1.0,EXPLORE,real_media,mixkit_table_07.mp4,40,MOVE_TO_CHAIR,1,batch_B_real,low_light
1.0,0.0,0.0,0.0,0.0,0.0,0.7120691537857056,0.019765625,0.3,-0.13333333333333333,0.0,1.0,0.0,0.0,0.0,0.0,0.7826524972915649,0.01484375,0.115625,0.8291666666666667,1.0,0.0,0.0,0.0,0.0,0.0,0.6150503754615784,0.00431640625,0.1375,0.041666666666666664,0.0,0.0,1.0,0.0,0.0,1.0,1.0,EXPLORE,real_media,mixkit_table_07.mp4,50,AVOID_PERSON,1,batch_B_real,low_light
1.0,0.0,0.0,0.0,0.0,0.0,0.583245038986206,0.03222005208333333,0.69375,-0.1125,1.0,0.0,0.0,0.0,0.0,0.0,0.5631147623062134,0.021028645833333335,0.625,0.6291666666666667,0.0,1.0,0.0,0.0,0.0,0.0,0.6879206895828247,0.013427734375,0.121875,0.8375,0.0,0.0,1.0,0.0,0.0,1.0,1.0,EXPLORE,real_media,mixkit_table_07.mp4,60,MOVE_TO_CHAIR,1,batch_B_real,low_light
1.0,0.0,0.0,0.0,0.0,0.0,0.5685545206069946,0.02125,0.61875,0.6291666666666667,0.0,1.0,0.0,0.0,0.0,0.0,0.654392421245575,0.013427734375,0.125,0.8375,1.0,0.0,0.0,0.0,0.0,0.0,0.45709890127182007,0.00875,-0.21875,-0.19166666666666668,0.0,0.0,1.0,0.0,0.0,1.0,1.0,EXPLORE,real_media,mixkit_table_07.mp4,70,MOVE_TO_CHAIR,1,batch_B_real,low_light
1.0,0.0,0.0,0.0,0.0,0.0,0.6559280157089233,0.029059244791666668,0.625,0.6666666666666666,1.0,0.0,0.0,0.0,0.0,0.0,0.6637485027313232,0.0203125,-0.2125,0.5916666666666667,1.0,0.0,0.0,0.0,0.0,0.0,0.6270039677619934,0.008880208333333334,-0.25,-0.575,0.0,0.0,1.0,0.0,0.0,1.0,1.0,EXPLORE,real_media,mixkit_table_07.mp4,80,MOVE_TO_CHAIR,1,batch_B_real,low_light
1.0,0.0,0.0,0.0,0.0,0.0,0.8610571026802063,0.034423828125,-0.5625,0.7,1.0,0.0,0.0,0.0,0.0,0.0,0.7985444664955139,0.022278645833333333,-0.2125,0.7541666666666667,1.0,0.0,0.0,0.0,0.0,0.0,0.5987958908081055,0.025426432291666665,0.628125,0.65,0.0,0.0,1.0,0.0,0.0,1.0,1.0,EXPLORE,real_media,mixkit_table_07.mp4,90,MOVE_TO_CHAIR,1,batch_B_real,low_light
1.0,0.0,0.0,0.0,0.0,0.0,0.817091703414917,0.04391276041666667,-0.015625,0.6,1.0,0.0,0.0,0.0,0.0,0.0,0.7987554669380188,0.0115234375,0.0875,0.8708333333333333,1.0,0.0,0.0,0.0,0.0,0.0,0.7289908528327942,0.024921875,0.246875,0.6375,0.0,0.0,0.0,1.0,0.0,1.0,1.0,EXPLORE,real_media,mixkit_table_07.mp4,100,AVOID_PERSON,1,batch_B_real,low_light
1.0,0.0,0.0,0.0,0.0,0.0,0.7583487629890442,0.021136067708333334,-0.540625,0.1625,1.0,0.0,0.0,0.0,0.0,0.0,0.672347903251648,0.006142578125,0.165625,0.004166666666666667,1.0,0.0,0.0,0.0,0.0,0.0,0.6512904763221741,0.024375,0.628125,0.6375,1.0,0.0,0.0,0.0,0.0,0.0,1.0,EXPLORE,real_media,mixkit_table_07.mp4,110,MOVE_TO_CHAIR,1,batch_B_real,low_light
1.0,0.0,0.0,0.0,0.0,0.0,0.6919011473655701,0.03080078125,0.275,0.7583333333333333,1.0,0.0,0.0,0.0,0.0,0.0,0.6323717832565308,0.02857421875,0.6375,0.6625,1.0,0.0,0.0,0.0,0.0,0.0,0.5884286165237427,0.018665364583333333,-0.6125,-0.13333333333333333,0.0,0.0,1.0,0.0,0.0,1.0,1.0,EXPLORE,real_media,mixkit_table_07.mp4,120,AVOID_PERSON,1,batch_B_real,low_light
1.0,0.0,0.0,0.0,0.0,0.0,0.661487340927124,0.02869140625,0.640625,0.6583333333333333,1.0,0.0,0.0,0.0,0.0,0.0,0.6137486696243286,0.004443359375,0.15,0.0375,1.0,0.0,0.0,0.0,0.0,0.0,0.5586293935775757,0.0193359375,0.259375,0.7875,0.0,0.0,1.0,0.0,0.0,1.0,1.0,EXPLORE,real_media,mixkit_table_07.mp4,130,MOVE_TO_CHAIR,1,batch_B_real,low_light
1.0,0.0,0.0,0.0,0.0,0.0,0.6677216291427612,0.025520833333333333,0.290625,0.7916666666666666,1.0,0.0,0.0,0.0,0.0,0.0,0.6633094549179077,0.02671875,0.640625,0.65,1.0,0.0,0.0,0.0,0.0,0.0,0.6435953378677368,0.0043294270833333336,0.15625,0.041666666666666664,0.0,0.0,1.0,0.0,0.0,1.0,1.0,EXPLORE,real_media,mixkit_table_07.mp4,140,MOVE_TO_CHAIR,1,batch_B_real,low_light
1.0,0.0,0.0,0.0,0.0,0.0,0.6439415812492371,0.024811197916666666,0.640625,0.6333333333333333,1.0,0.0,0.0,0.0,0.0,0.0,0.6201586127281189,0.0236328125,-0.1875,0.7,0.0,1.0,0.0,0.0,0.0,0.0,0.695492684841156,0.015338541666666667,-0.1875,0.8375,0.0,0.0,1.0,0.0,0.0,1.0,1.0,EXPLORE,real_media,mixkit_table_07.mp4,150,MOVE_TO_CHAIR,1,batch_B_real,low_light
1.0,0.0,0.0,0.0,0.0,0.0,0.7695336937904358,0.024348958333333334,0.23125,0.7166666666666667,1.0,0.0,0.0,0.0,0.0,0.0,0.6968981623649597,0.0130859375,-0.434375,-0.225,1.0,0.0,0.0,0.0,0.0,0.0,0.6975765824317932,0.0043359375,0.15625,0.041666666666666664,0.0,0.0,1.0,0.0,0.0,1.0,1.0,EXPLORE,real_media,mixkit_table_07.mp4,160,AVOID_PERSON,1,batch_B_real,low_light
1.0,0.0,0.0,0.0,0.0,0.0,0.7669268846511841,0.025234375,0.234375,0.7166666666666667,1.0,0.0,0.0,0.0,0.0,0.0,0.6572224497795105,0.020302734375,0.63125,0.6083333333333333,0.0,1.0,0.0,0.0,0.0,0.0,0.774445652961731,0.014150390625,0.046875,0.85,0.0,0.0,1.0,0.0,0.0,1.0,1.0,EXPLORE,real_media,mixkit_table_07.mp4,170,AVOID_PERSON,1,batch_B_real,low_light
1.0,0.0,0.0,0.0,0.0,0.0,0.7222830057144165,0.024791666666666667,0.234375,0.7125,0.0,1.0,0.0,0.0,0.0,0.0,0.7887914776802063,0.01435546875,0.05,0.85,1.0,0.0,0.0,0.0,0.0,0.0,0.6179276704788208,0.020100911458333332,0.634375,0.5833333333333334,1.0,0.0,0.0,0.0,0.0,0.0,1.0,EXPLORE,real_media,mixkit_table_07.mp4,180,AVOID_PERSON,1,batch_B_real,low_light
1.0,0.0,0.0,0.0,0.0,0.0,0.7527152895927429,0.03188151041666667,0.0625,0.5708333333333333,1.0,0.0,0.0,0.0,0.0,0.0,0.55898517370224,0.0043359375,0.165625,0.0375,1.0,0.0,0.0,0.0,0.0,0.0,0.5204472541809082,0.028040364583333335,-0.2,0.6875,0.0,0.0,1.0,0.0,0.0,1.0,1.0,EXPLORE,real_media,mixkit_table_07.mp4,190,AVOID_PERSON,1,batch_B_real,low_light
0.0,1.0,0.0,0.0,0.0,0.0,0.690885066986084,0.01681640625,0.0875,0.825,1.0,0.0,0.0,0.0,0.0,0.0,0.547743022441864,0.005533854166666667,0.590625,0.041666666666666664,1.0,0.0,0.0,0.0,0.0,0.0,0.5458543300628662,0.005729166666666666,-0.165625,-0.4041666666666667,0.0,0.0,1.0,0.0,0.0,1.0,1.0,EXPLORE,real_media,mixkit_table_07.mp4,200,MOVE_TO_CHAIR,1,batch_B_real,low_light
1.0,0.0,0.0,0.0,0.0,0.0,0.6331831812858582,0.004095052083333333,0.159375,0.041666666666666664,1.0,0.0,0.0,0.0,0.0,0.0,0.546876072883606,0.005,0.59375,0.04583333333333333,1.0,0.0,0.0,0.0,0.0,0.0,0.48320406675338745,0.0205859375,0.64375,0.575,0.0,0.0,1.0,0.0,0.0,1.0,1.0,EXPLORE,real_media,mixkit_table_07.mp4,210,MOVE_TO_CHAIR,1,batch_B_real,low_light
1.0,0.0,0.0,0.0,0.0,0.0,0.5935914516448975,0.024000651041666668,0.65625,0.5791666666666667,0.0,1.0,0.0,0.0,0.0,0.0,0.6749439835548401,0.01634765625,0.090625,0.825,1.0,0.0,0.0,0.0,0.0,0.0,0.49851763248443604,0.014733072916666666,-0.596875,-0.19583333333333333,0.0,0.0,1.0,0.0,0.0,1.0,1.0,EXPLORE,real_media,mixkit_table_07.mp4,220,MOVE_TO_CHAIR,1,batch_B_real,low_light
1.0,0.0,0.0,0.0,0.0,0.0,0.657898485660553,0.017252604166666668,-0.553125,-0.10833333333333334,1.0,0.0,0.0,0.0,0.0,0.0,0.6622656583786011,0.008984375,0.934375,0.525,0.0,1.0,0.0,0.0,0.0,0.0,0.7882318496704102,0.01681640625,0.09375,0.825,0.0,0.0,1.0,0.0,0.0,1.0,1.0,EXPLORE,real_media,mixkit_table_07.mp4,230,MOVE_TO_CHAIR,1,batch_B_real,low_light
1.0,0.0,0.0,0.0,0.0,0.0,0.7430518865585327,0.004166666666666667,0.18125,0.04583333333333333,0.0,1.0,0.0,0.0,0.0,0.0,0.7425569295883179,0.0134765625,0.925,0.8041666666666667,1.0,0.0,0.0,0.0,0.0,0.0,0.5744310021400452,0.028323567708333334,0.65625,0.5958333333333333,0.0,0.0,1.0,0.0,0.0,1.0,1.0,EXPLORE,real_media,mixkit_table_07.mp4,240,MOVE_TO_CHAIR,1,batch_B_real,low_light
1.0,0.0,0.0,0.0,0.0,0.0,0.738323450088501,0.004166666666666667,0.18125,0.04583333333333333,1.0,0.0,0.0,0.0,0.0,0.0,0.6698451638221741,0.024036458333333333,-0.625,-0.06666666666666667,1.0,0.0,0.0,0.0,0.0,0.0,0.6187371015548706,0.01853515625,-0.940625,-0.14583333333333334,0.0,0.0,0.0,1.0,0.0,1.0,1.0,EXPLORE,real_media,mixkit_table_07.mp4,250,MOVE_TO_CHAIR,1,batch_B_real,low_light
1.0,0.0,0.0,0.0,0.0,0.0,0.6501374244689941,0.016735026041666667,-0.603125,-0.05416666666666667,1.0,0.0,0.0,0.0,0.0,0.0,0.6034881472587585,0.026448567708333332,-0.9,-0.1125,1.0,0.0,0.0,0.0,0.0,0.0,0.5721888542175293,0.024381510416666665,0.6625,0.5916666666666667,0.0,0.0,1.0,0.0,0.0,1.0,1.0,EXPLORE,real_media,mixkit_table_07.mp4,260,MOVE_TO_CHAIR,1,batch_B_real,low_light
1.0,0.0,0.0,0.0,0.0,0.0,0.6971588730812073,0.004443359375,0.18125,0.0375,1.0,0.0,0.0,0.0,0.0,0.0,0.5900513529777527,0.01705078125,-0.6,-0.058333333333333334,1.0,0.0,0.0,0.0,0.0,0.0,0.5667041540145874,0.02212890625,0.659375,0.5875,0.0,0.0,1.0,0.0,0.0,1.0,1.0,MOVE_TO_CHAIR,real_media,mixkit_table_07.mp4,270,MOVE_TO_CHAIR,1,batch_B_real,low_light
1.0,0.0,0.0,0.0,0.0,0.0,0.716577410697937,0.018229166666666668,-0.596875,-0.058333333333333334,1.0,0.0,0.0,0.0,0.0,0.0,0.7161344289779663,0.00478515625,0.18125,0.041666666666666664,1.0,0.0,0.0,0.0,0.0,0.0,0.5949369072914124,0.01435546875,-0.86875,-0.14583333333333334,0.0,0.0,1.0,0.0,0.0,1.0,1.0,MOVE_TO_CHAIR,real_media,mixkit_table_07.mp4,280,MOVE_TO_CHAIR,1,batch_B_real,low_light
1.0,0.0,0.0,0.0,0.0,0.0,0.7793077826499939,0.019013671875,-0.6,-0.058333333333333334,1.0,0.0,0.0,0.0,0.0,0.0,0.6567346453666687,0.014775390625,-0.86875,-0.14583333333333334,1.0,0.0,0.0,0.0,0.0,0.0,0.5803747773170471,0.024140625,0.671875,0.5875,0.0,0.0,0.0,1.0,0.0,1.0,1.0,MOVE_TO_CHAIR,real_media,mixkit_table_07.mp4,290,MOVE_TO_CHAIR,1,batch_B_real,low_light
1.0,0.0,0.0,0.0,0.0,0.0,0.6489431858062744,0.019205729166666668,-0.596875,-0.05416666666666667,0.0,1.0,0.0,0.0,0.0,0.0,0.7026373147964478,0.017021484375,0.109375,0.8208333333333333,1.0,0.0,0.0,0.0,0.0,0.0,0.5188734531402588,0.00703125,0.8,0.10833333333333334,0.0,0.0,1.0,0.0,0.0,1.0,1.0,MOVE_TO_CHAIR,real_media,mixkit_table_07.mp4,300,MOVE_TO_CHAIR,1,batch_B_real,low_light
1.0,0.0,0.0,0.0,0.0,0.0,0.5587874054908752,0.02880859375,0.68125,0.6208333333333333,1.0,0.0,0.0,0.0,0.0,0.0,0.5438974499702454,0.015403645833333333,-0.85625,-0.15,0.0,1.0,0.0,0.0,0.0,0.0,0.6713698506355286,0.0175,0.1125,0.8208333333333333,0.0,0.0,1.0,0.0,0.0,1.0,1.0,MOVE_TO_CHAIR,real_media,mixkit_table_07.mp4,310,MOVE_TO_CHAIR,1,batch_B_real,low_light
1.0,0.0,0.0,0.0,0.0,0.0,0.7544956803321838,0.017903645833333332,-0.590625,-0.06666666666666667,1.0,0.0,0.0,0.0,0.0,0.0,0.605151891708374,0.014609375,-0.8625,-0.14583333333333334,0.0,1.0,0.0,0.0,0.0,0.0,0.7316993474960327,0.016751302083333332,0.115625,0.8208333333333333,0.0,0.0,1.0,0.0,0.0,1.0,1.0,MOVE_TO_CHAIR,real_media,mixkit_table_07.mp4,320,MOVE_TO_CHAIR,1,batch_B_real,low_light
1.0,0.0,0.0,0.0,0.0,0.0,0.6717175841331482,0.019205729166666668,-0.59375,-0.0625,0.0,1.0,0.0,0.0,0.0,0.0,0.7730972766876221,0.016953125,0.11875,0.8208333333333333,1.0,0.0,0.0,0.0,0.0,0.0,0.6126720905303955,0.014195963541666667,-0.8625,-0.15416666666666667,0.0,0.0,1.0,0.0,0.0,1.0,1.0,MOVE_TO_CHAIR,real_media,mixkit_table_07.mp4,330,MOVE_TO_CHAIR,1,batch_B_real,low_light
1.0,0.0,0.0,0.0,0.0,0.0,0.7461211085319519,0.01259765625,-0.871875,-0.14583333333333334,1.0,0.0,0.0,0.0,0.0,0.0,0.7176519632339478,0.017626953125,-0.590625,-0.058333333333333334,0.0,1.0,0.0,0.0,0.0,0.0,0.7485461831092834,0.016953125,0.11875,0.8208333333333333,0.0,0.0,1.0,0.0,0.0,1.0,1.0,MOVE_TO_CHAIR,real_media,mixkit_table_07.mp4,340,MOVE_TO_CHAIR,1,batch_B_real,low_light
