f0,f1,f2,f3,f4,f5,f6,f7,f8,f9,f10,f11,f12,f13,f14,f15,f16,f17,f18,f19,f20,f21,f22,f23,f24,f25,f26,f27,f28,f29,f30,f31,f32,f33,f34,f35,f36,f37,f38,f39,f40,f41,f42,label,source_type,source_file,frame_index,auto_label,needs_review,batch_id,scenario,__source_csv
1.0,0.0,0.0,0.0,0.0,0.0,0.853493332862854,0.0326953125,-0.621875,0.6125,1.0,0.0,0.0,0.0,0.0,0.0,0.7776804566383362,0.0135026041666666,-0.478125,0.8666666666666667,1.0,0.0,0.0,0.0,0.0,0.0,0.6722731590270996,0.020947265625,-0.3375,0.6791666666666667,1.0,0.0,0.0,0.0,0.0,0.0,1.0,0.0,0.0,0.0,0.0,0.0,0.0,MOVE_TO_CHAIR,real_media,mixkit_space_01.mp4,10,MOVE_TO_CHAIR,1,batch_move_recovery_20260507,low_light,media_labeled_20260503_195002.csv
0.0,1.0,0.0,0.0,0.0,0.0,0.7733604311943054,0.0136067708333333,0.125,0.8375,1.0,0.0,0.0,0.0,0.0,0.0,0.5941882133483887,0.0196354166666666,0.125,0.625,1.0,0.0,0.0,0.0,0.0,0.0,0.5755017399787903,0.022685546875,0.61875,0.6375,0.0,0.0,1.0,0.0,0.0,1.0,1.0,0.0,0.0,0.0,0.0,0.0,0.0,MOVE_TO_CHAIR,real_media,mixkit_table_07.mp4,64,MOVE_TO_CHAIR,1,batch_move_recovery_20260507,,media_labeled_20260503_185451.csv
1.0,0.0,0.0,0.0,0.0,0.0,0.6316605806350708,0.0153125,-0.85,-0.1541666666666666,1.0,0.0,0.0,0.0,0.0,0.0,0.6160902976989746,0.0232421875,0.70625,0.575,0.0,1.0,0.0,0.0,0.0,0.0,0.7480658292770386,0.018408203125,0.146875,0.8125,0.0,0.0,0.0,1.0,0.0,1.0,1.0,0.0,0.0,0.0,0.0,0.0,0.0,MOVE_TO_CHAIR,real_media,mixkit_space_01.mp4,450,MOVE_TO_CHAIR,1,batch_move_recovery_20260507,mixed,media_labeled_20260503_194235.csv
1.0,0.0,0.0,0.0,0.0,0.0,0.4893665611743927,0.02689453125,-0.6375,0.1208333333333333,1.0,0.0,0.0,0.0,0.0,0.0,0.4825928211212158,0.0058333333333333,-0.078125,-0.2208333333333333,1.0,0.0,0.0,0.0,0.0,0.0,0.47914719581604,0.0045572916666666,-0.321875,-0.3458333333333333,1.0,0.0,0.0,0.0,0.0,0.0,1.0,0.0,0.0,0.0,0.0,0.0,0.0,MOVE_TO_CHAIR,real_media,mixkit_space_07.mp4,460,MOVE_TO_CHAIR,1,batch_move_recovery_20260507,mixed,media_labeled_20260503_194235.csv
1.0,0.0,0.0,0.0,0.0,0.0,0.7731691598892212,0.029052734375,-0.375,0.775,1.0,0.0,0.0,0.0,0.0,0.0,0.7329567670822144,0.028984375,-0.121875,0.775,1.0,0.0,0.0,0.0,0.0,0.0,0.6788496375083923,0.026318359375,0.746875,0.6166666666666667,0.0,1.0,0.0,0.0,0.0,1.0,1.0,0.0,0.0,0.0,0.0,0.0,0.0,MOVE_TO_CHAIR,real_media,mixkit_space_03.mp4,110,MOVE_TO_CHAIR,1,batch_move_recovery_20260507,low_light,media_labeled_20260503_195002.csv
1.0,0.0,0.0,0.0,0.0,0.0,0.7864763736724854,0.02373046875,-0.60625,0.0041666666666666,1.0,0.0,0.0,0.0,0.0,0.0,0.6063699722290039,0.030244140625,0.509375,0.2125,1.0,0.0,0.0,0.0,0.0,0.0,0.5075930953025818,0.0050032552083333,-0.31875,-0.35,1.0,0.0,0.0,0.0,0.0,0.0,1.0,0.0,0.0,0.0,0.0,0.0,0.0,MOVE_TO_CHAIR,real_media,mixkit_space_07.mp4,470,MOVE_TO_CHAIR,1,batch_move_recovery_20260507,low_light,media_labeled_20260503_195002.csv
1.0,0.0,0.0,0.0,0.0,0.0,0.6824008226394653,0.017431640625,-0.603125,0.125,1.0,0.0,0.0,0.0,0.0,0.0,0.4327625930309295,0.0044661458333333,-0.321875,-0.3291666666666666,1.0,0.0,0.0,0.0,0.0,0.0,0.4012213349342346,0.0096484375,-0.06875,-0.1708333333333333,0.0,0.0,0.0,1.0,0.0,1.0,1.0,0.0,0.0,0.0,0.0,0.0,0.0,MOVE_TO_CHAIR,real_media,mixkit_space_07.mp4,100,MOVE_TO_CHAIR,1,batch_move_recovery_20260507,low_light,media_labeled_20260503_195002.csv
1.0,0.0,0.0,0.0,0.0,0.0,0.5368925333023071,0.00515625,-0.471875,-0.0958333333333333,0.0,1.0,0.0,0.0,0.0,0.0,0.5895765423774719,0.0172265625,-0.3375,0.175,1.0,0.0,0.0,0.0,0.0,0.0,0.4416536092758178,0.0051041666666666,-0.31875,-0.3333333333333333,1.0,0.0,0.0,0.0,0.0,0.0,1.0,0.0,0.0,0.0,0.0,0.0,0.0,MOVE_TO_CHAIR,real_media,mixkit_space_07.mp4,330,MOVE_TO_CHAIR,1,batch_move_recovery_20260507,mixed,media_labeled_20260503_194235.csv
0.0,1.0,0.0,0.0,0.0,0.0,0.5136334300041199,0.0148958333333333,-0.53125,0.5416666666666666,0.0,1.0,0.0,0.0,0.0,0.0,0.4370721280574798,0.004296875,-0.3375,0.3541666666666667,0.0,1.0,0.0,0.0,0.0,0.0,0.3278083205223083,0.0313671875,-0.096875,0.4708333333333333,0.0,1.0,0.0,0.0,0.0,1.0,1.0,0.0,0.0,0.0,0.0,0.0,0.0,MOVE_TO_CHAIR,real_media,mixkit_space_09.mp4,30,MOVE_TO_CHAIR,1,batch_move_recovery_20260507,mixed,media_labeled_20260503_194235.csv
0.0,1.0,0.0,0.0,0.0,0.0,0.4825462996959686,0.0194661458333333,-0.61875,0.4541666666666666,0.0,1.0,0.0,0.0,0.0,0.0,0.3355639278888702,0.0215559895833333,-0.88125,0.8041666666666667,0.0,1.0,0.0,0.0,0.0,0.0,0.3021239042282104,0.0375455729166666,-0.3875,0.6375,0.0,1.0,0.0,0.0,0.0,1.0,1.0,0.0,0.0,0.0,0.0,0.0,0.0,MOVE_TO_CHAIR,real_media,mixkit_space_09.mp4,170,MOVE_TO_CHAIR,1,batch_move_recovery_20260507,low_light,media_labeled_20260503_195002.csv
1.0,0.0,0.0,0.0,0.0,0.0,0.6361629366874695,0.003974609375,0.159375,0.0416666666666666,1.0,0.0,0.0,0.0,0.0,0.0,0.5049240589141846,0.0198470052083333,0.640625,0.5708333333333333,0.0,1.0,0.0,0.0,0.0,0.0,0.653843343257904,0.0165494791666666,0.090625,0.825,0.0,0.0,1.0,0.0,0.0,1.0,1.0,0.0,0.0,0.0,0.0,0.0,0.0,MOVE_TO_CHAIR,real_media,mixkit_table_07.mp4,208,MOVE_TO_CHAIR,1,batch_move_recovery_20260507,occlusion,media_labeled_batch_F_real.csv
1.0,0.0,0.0,0.0,0.0,0.0,0.7118005156517029,0.031640625,-0.55625,0.1041666666666666,1.0,0.0,0.0,0.0,0.0,0.0,0.6734867691993713,0.016982421875,0.9125,-0.0291666666666666,1.0,0.0,0.0,0.0,0.0,0.0,0.6453962326049805,0.0040625,0.1375,0.0458333333333333,0.0,0.0,1.0,0.0,0.0,1.0,1.0,0.0,0.0,0.0,0.0,0.0,0.0,MOVE_TO_CHAIR,real_media,mixkit_table_07.mp4,48,MOVE_TO_CHAIR,1,batch_move_recovery_20260507,occlusion,media_labeled_batch_F_real.csv
1.0,0.0,0.0,0.0,0.0,0.0,0.6804877519607544,0.0221028645833333,0.703125,0.5666666666666667,1.0,0.0,0.0,0.0,0.0,0.0,0.6360705494880676,0.0149934895833333,-0.853125,-0.15,0.0,1.0,0.0,0.0,0.0,0.0,0.7313777804374695,0.017841796875,0.14375,0.8125,0.0,0.0,1.0,0.0,0.0,1.0,1.0,0.0,0.0,0.0,0.0,0.0,0.0,MOVE_TO_CHAIR,real_media,mixkit_office_01.mp4,440,MOVE_TO_CHAIR,1,batch_move_recovery_20260507,mixed,media_labeled_20260503_194235.csv
1.0,0.0,0.0,0.0,0.0,0.0,0.8128785490989685,0.0217122395833333,-0.525,0.6916666666666667,1.0,0.0,0.0,0.0,0.0,0.0,0.7480359673500061,0.0210872395833333,-0.7125,0.5125,1.0,0.0,0.0,0.0,0.0,0.0,0.6482800245285034,0.011875,-0.38125,0.7958333333333333,0.0,1.0,0.0,0.0,0.0,1.0,1.0,0.0,0.0,0.0,0.0,0.0,0.0,MOVE_TO_CHAIR,real_media,mixkit_space_07.mp4,390,MOVE_TO_CHAIR,1,batch_move_recovery_20260507,mixed,media_labeled_20260503_194235.csv
0.0,1.0,0.0,0.0,0.0,0.0,0.5136334300041199,0.0148958333333333,-0.53125,0.5416666666666666,0.0,1.0,0.0,0.0,0.0,0.0,0.4370721280574798,0.004296875,-0.3375,0.3541666666666667,0.0,1.0,0.0,0.0,0.0,0.0,0.3278083205223083,0.0313671875,-0.096875,0.4708333333333333,0.0,1.0,0.0,0.0,0.0,1.0,1.0,0.0,0.0,0.0,0.0,0.0,0.0,MOVE_TO_CHAIR,real_media,mixkit_space_09.mp4,30,MOVE_TO_CHAIR,1,batch_move_recovery_20260507,low_light,media_labeled_20260503_195002.csv
1.0,0.0,0.0,0.0,0.0,0.0,0.7223541140556335,0.00921875,-0.903125,-0.1916666666666666,1.0,0.0,0.0,0.0,0.0,0.0,0.6702365279197693,0.01392578125,-0.953125,0.1416666666666666,1.0,0.0,0.0,0.0,0.0,0.0,0.6412700414657593,0.017578125,0.9125,-0.0208333333333333,0.0,0.0,1.0,0.0,0.0,1.0,1.0,0.0,0.0,0.0,0.0,0.0,0.0,MOVE_TO_CHAIR,real_media,mixkit_space_01.mp4,40,MOVE_TO_CHAIR,1,batch_move_recovery_20260507,low_light,media_labeled_20260503_195002.csv
1.0,0.0,0.0,0.0,0.0,0.0,0.680860698223114,0.01818359375,0.071875,0.6833333333333333,1.0,0.0,0.0,0.0,0.0,0.0,0.5988460779190063,0.0244921875,0.28125,0.7875,1.0,0.0,0.0,0.0,0.0,0.0,0.6122873425483704,0.0045703125,0.15,0.0375,0.0,0.0,1.0,0.0,0.0,1.0,1.0,0.0,0.0,0.0,0.0,0.0,0.0,MOVE_TO_CHAIR,real_media,mixkit_table_07.mp4,128,MOVE_TO_CHAIR,1,batch_move_recovery_20260507,,media_labeled_20260503_185451.csv
1.0,0.0,0.0,0.0,0.0,0.0,0.73124098777771,0.0042057291666666,0.15625,0.0416666666666666,1.0,0.0,0.0,0.0,0.0,0.0,0.6840388178825378,0.0088541666666666,0.140625,-0.1541666666666666,1.0,0.0,0.0,0.0,0.0,0.0,0.6530836820602417,0.02423828125,0.628125,0.6375,0.0,0.0,1.0,0.0,0.0,1.0,1.0,0.0,0.0,0.0,0.0,0.0,0.0,MOVE_TO_CHAIR,real_media,mixkit_table_07.mp4,112,MOVE_TO_CHAIR,1,batch_move_recovery_20260507,,media_labeled_20260503_185451.csv
1.0,0.0,0.0,0.0,0.0,0.0,0.6518405675888062,0.033017578125,-0.840625,0.0916666666666666,1.0,0.0,0.0,0.0,0.0,0.0,0.5935347080230713,0.0166829427083333,0.7,-0.0291666666666666,1.0,0.0,0.0,0.0,0.0,0.0,0.583315908908844,0.003681640625,0.1375,0.05,0.0,0.0,1.0,0.0,0.0,1.0,1.0,0.0,0.0,0.0,0.0,0.0,0.0,MOVE_TO_CHAIR,real_media,mixkit_table_07.mp4,24,MOVE_TO_CHAIR,1,batch_move_recovery_20260507,occlusion,media_labeled_batch_F_real.csv
0.0,1.0,0.0,0.0,0.0,0.0,0.4721322655677795,0.0466731770833333,-0.609375,0.7166666666666667,0.0,1.0,0.0,0.0,0.0,0.0,0.4483858048915863,0.03076171875,-0.890625,0.7125,0.0,1.0,0.0,0.0,0.0,0.0,0.279772013425827,0.0042317708333333,-0.30625,0.2791666666666667,0.0,1.0,0.0,0.0,0.0,1.0,1.0,0.0,0.0,0.0,0.0,0.0,0.0,MOVE_TO_CHAIR,real_media,mixkit_space_09.mp4,120,MOVE_TO_CHAIR,1,batch_move_recovery_20260507,mixed,media_labeled_20260503_194235.csv
1.0,0.0,0.0,0.0,0.0,0.0,0.853493332862854,0.0326953125,-0.621875,0.6125,1.0,0.0,0.0,0.0,0.0,0.0,0.7776804566383362,0.0135026041666666,-0.478125,0.8666666666666667,1.0,0.0,0.0,0.0,0.0,0.0,0.6722731590270996,0.020947265625,-0.3375,0.6791666666666667,1.0,0.0,0.0,0.0,0.0,0.0,1.0,0.0,0.0,0.0,0.0,0.0,0.0,MOVE_TO_CHAIR,real_media,mixkit_office_01.mp4,10,MOVE_TO_CHAIR,1,batch_move_recovery_20260507,low_light,media_labeled_20260503_195002.csv
1.0,0.0,0.0,0.0,0.0,0.0,0.4893665611743927,0.02689453125,-0.6375,0.1208333333333333,1.0,0.0,0.0,0.0,0.0,0.0,0.4825928211212158,0.0058333333333333,-0.078125,-0.2208333333333333,1.0,0.0,0.0,0.0,0.0,0.0,0.47914719581604,0.0045572916666666,-0.321875,-0.3458333333333333,1.0,0.0,0.0,0.0,0.0,0.0,1.0,0.0,0.0,0.0,0.0,0.0,0.0,MOVE_TO_CHAIR,real_media,mixkit_space_07.mp4,460,MOVE_TO_CHAIR,1,batch_move_recovery_20260507,low_light,media_labeled_20260503_195002.csv
1.0,0.0,0.0,0.0,0.0,0.0,0.6316605806350708,0.0153125,-0.85,-0.1541666666666666,1.0,0.0,0.0,0.0,0.0,0.0,0.6160902976989746,0.0232421875,0.70625,0.575,0.0,1.0,0.0,0.0,0.0,0.0,0.7480658292770386,0.018408203125,0.146875,0.8125,0.0,0.0,0.0,1.0,0.0,1.0,1.0,0.0,0.0,0.0,0.0,0.0,0.0,MOVE_TO_CHAIR,real_media,mixkit_space_01.mp4,450,MOVE_TO_CHAIR,1,batch_move_recovery_20260507,low_light,media_labeled_20260503_195002.csv
1.0,0.0,0.0,0.0,0.0,0.0,0.7429187297821045,0.0283854166666666,0.775,0.6833333333333333,1.0,0.0,0.0,0.0,0.0,0.0,0.6788597106933594,0.0188671875,-0.05,0.7166666666666667,1.0,0.0,0.0,0.0,0.0,0.0,0.6350892186164856,0.0293489583333333,-0.259375,0.7916666666666666,0.0,1.0,0.0,0.0,0.0,1.0,1.0,0.0,0.0,0.0,0.0,0.0,0.0,MOVE_TO_CHAIR,real_media,mixkit_space_03.mp4,250,MOVE_TO_CHAIR,1,batch_move_recovery_20260507,low_light,media_labeled_20260503_195002.csv
1.0,0.0,0.0,0.0,0.0,0.0,0.713883101940155,0.0157877604166666,-0.846875,-0.1583333333333333,1.0,0.0,0.0,0.0,0.0,0.0,0.6187642812728882,0.01625,0.8625,0.1333333333333333,1.0,0.0,0.0,0.0,0.0,0.0,0.5401443839073181,0.0156119791666666,-0.56875,-0.0583333333333333,0.0,0.0,1.0,0.0,0.0,1.0,1.0,0.0,0.0,0.0,0.0,0.0,0.0,MOVE_TO_CHAIR,real_media,mixkit_office_01.mp4,420,MOVE_TO_CHAIR,1,batch_move_recovery_20260507,low_light,media_labeled_20260503_195002.csv
1.0,0.0,0.0,0.0,0.0,0.0,0.7939068675041199,0.0315266927083333,-0.840625,0.0375,1.0,0.0,0.0,0.0,0.0,0.0,0.6658058762550354,0.0217936197916666,0.89375,0.5875,1.0,0.0,0.0,0.0,0.0,0.0,0.6233935356140137,0.0247135416666666,0.628125,0.6458333333333334,0.0,0.0,0.0,1.0,0.0,1.0,1.0,0.0,0.0,0.0,0.0,0.0,0.0,MOVE_TO_CHAIR,real_media,mixkit_table_07.mp4,104,MOVE_TO_CHAIR,1,batch_move_recovery_20260507,occlusion,media_labeled_batch_F_real.csv
1.0,0.0,0.0,0.0,0.0,0.0,0.6946994662284851,0.016171875,-0.94375,-0.1333333333333333,1.0,0.0,0.0,0.0,0.0,0.0,0.6867404580116272,0.0184114583333333,-0.6,-0.0625,1.0,0.0,0.0,0.0,0.0,0.0,0.696998119354248,0.0041666666666666,0.184375,0.0458333333333333,0.0,0.0,1.0,0.0,0.0,1.0,1.0,0.0,0.0,0.0,0.0,0.0,0.0,MOVE_TO_CHAIR,real_media,mixkit_table_07.mp4,256,MOVE_TO_CHAIR,1,batch_move_recovery_20260507,,media_labeled_20260503_185451.csv
0.0,1.0,0.0,0.0,0.0,0.0,0.8483850359916687,0.0312890625,0.7,-0.0666666666666666,0.0,1.0,0.0,0.0,0.0,0.0,0.6145339012145996,0.043671875,-0.865625,0.1125,1.0,0.0,0.0,0.0,0.0,0.0,0.3326018750667572,0.0343098958333333,-0.728125,0.7375,0.0,1.0,0.0,0.0,0.0,1.0,1.0,0.0,0.0,0.0,0.0,0.0,0.0,MOVE_TO_CHAIR,real_media,mixkit_table_03.mp4,40,MOVE_TO_CHAIR,1,batch_move_recovery_20260507,mixed,media_labeled_20260503_194235.csv
1.0,0.0,0.0,0.0,0.0,0.0,0.5494614839553833,0.01357421875,0.95,0.0041666666666666,1.0,0.0,0.0,0.0,0.0,0.0,0.4588721692562103,0.004375,-0.321875,-0.3291666666666666,0.0,1.0,0.0,0.0,0.0,0.0,0.4690985679626465,0.01171875,-0.475,0.1583333333333333,0.0,0.0,1.0,0.0,0.0,1.0,1.0,0.0,0.0,0.0,0.0,0.0,0.0,MOVE_TO_CHAIR,real_media,mixkit_space_07.mp4,130,MOVE_TO_CHAIR,1,batch_move_recovery_20260507,low_light,media_labeled_20260503_195002.csv
0.0,1.0,0.0,0.0,0.0,0.0,0.7845152616500854,0.0179850260416666,0.125,0.8166666666666667,1.0,0.0,0.0,0.0,0.0,0.0,0.6084315776824951,0.0185546875,-0.584375,-0.0625,1.0,0.0,0.0,0.0,0.0,0.0,0.5947117805480957,0.0305794270833333,0.7,0.6375,0.0,0.0,1.0,0.0,0.0,1.0,1.0,0.0,0.0,0.0,0.0,0.0,0.0,MOVE_TO_CHAIR,real_media,mixkit_space_01.mp4,380,MOVE_TO_CHAIR,1,batch_move_recovery_20260507,low_light,media_labeled_20260503_195002.csv
1.0,0.0,0.0,0.0,0.0,0.0,0.6316605806350708,0.0153125,-0.85,-0.1541666666666666,1.0,0.0,0.0,0.0,0.0,0.0,0.6160902976989746,0.0232421875,0.70625,0.575,0.0,1.0,0.0,0.0,0.0,0.0,0.7480658292770386,0.018408203125,0.146875,0.8125,0.0,0.0,0.0,1.0,0.0,1.0,1.0,0.0,0.0,0.0,0.0,0.0,0.0,MOVE_TO_CHAIR,real_media,mixkit_office_01.mp4,450,MOVE_TO_CHAIR,1,batch_move_recovery_20260507,low_light,media_labeled_20260503_195002.csv
0.0,1.0,0.0,0.0,0.0,0.0,0.7279390096664429,0.007626953125,-0.553125,0.4708333333333333,0.0,1.0,0.0,0.0,0.0,0.0,0.3849199414253235,0.0291796875,-0.871875,0.4166666666666667,0.0,1.0,0.0,0.0,0.0,0.0,0.3515101373195648,0.0199609375,-0.8875,0.8208333333333333,0.0,1.0,0.0,0.0,0.0,1.0,1.0,0.0,0.0,0.0,0.0,0.0,0.0,MOVE_TO_CHAIR,real_media,mixkit_space_09.mp4,70,MOVE_TO_CHAIR,1,batch_move_recovery_20260507,low_light,media_labeled_20260503_195002.csv
0.0,1.0,0.0,0.0,0.0,0.0,0.5711736083030701,0.0457845052083333,-0.5125,0.6958333333333333,0.0,0.0,0.0,0.0,0.0,1.0,0.375244677066803,0.0669921875,-0.4375,0.675,0.0,0.0,0.0,0.0,0.0,1.0,0.2687422335147857,0.006513671875,0.321875,-0.9541666666666668,0.0,1.0,0.0,0.0,0.0,1.0,1.0,0.0,0.0,0.0,0.0,0.0,0.0,MOVE_TO_CHAIR,real_media,mixkit_space_09.mp4,110,MOVE_TO_CHAIR,1,batch_move_recovery_20260507,mixed,media_labeled_20260503_194235.csv
1.0,0.0,0.0,0.0,0.0,0.0,0.7742022275924683,0.0305305989583333,0.765625,0.6833333333333333,1.0,0.0,0.0,0.0,0.0,0.0,0.7151060700416565,0.028759765625,-0.48125,0.7958333333333333,1.0,0.0,0.0,0.0,0.0,0.0,0.6974149346351624,0.03134765625,-0.190625,0.8083333333333333,0.0,0.0,0.0,0.0,1.0,1.0,1.0,0.0,0.0,0.0,0.0,0.0,0.0,MOVE_TO_CHAIR,real_media,mixkit_office_03.mp4,270,MOVE_TO_CHAIR,1,batch_move_recovery_20260507,mixed,media_labeled_20260503_194235.csv
1.0,0.0,0.0,0.0,0.0,0.0,0.7742022275924683,0.0305305989583333,0.765625,0.6833333333333333,1.0,0.0,0.0,0.0,0.0,0.0,0.7151060700416565,0.028759765625,-0.48125,0.7958333333333333,1.0,0.0,0.0,0.0,0.0,0.0,0.6974149346351624,0.03134765625,-0.190625,0.8083333333333333,0.0,0.0,0.0,0.0,1.0,1.0,1.0,0.0,0.0,0.0,0.0,0.0,0.0,MOVE_TO_CHAIR,real_media,mixkit_space_03.mp4,270,MOVE_TO_CHAIR,1,batch_move_recovery_20260507,low_light,media_labeled_20260503_195002.csv
0.0,1.0,0.0,0.0,0.0,0.0,0.688447892665863,0.0454752604166666,-0.6125,0.7291666666666666,0.0,1.0,0.0,0.0,0.0,0.0,0.5743436217308044,0.0157552083333333,-0.93125,0.7666666666666667,0.0,0.0,0.0,0.0,0.0,1.0,0.4409874081611633,0.06884765625,-0.521875,0.6958333333333333,0.0,1.0,0.0,0.0,0.0,1.0,1.0,0.0,0.0,0.0,0.0,0.0,0.0,MOVE_TO_CHAIR,real_media,mixkit_space_09.mp4,210,MOVE_TO_CHAIR,1,batch_move_recovery_20260507,low_light,media_labeled_20260503_195002.csv
0.0,1.0,0.0,0.0,0.0,0.0,0.6690195202827454,0.06244140625,-0.784375,0.4375,0.0,1.0,0.0,0.0,0.0,0.0,0.5659688711166382,0.0207356770833333,-0.68125,0.6291666666666667,0.0,1.0,0.0,0.0,0.0,0.0,0.566723644733429,0.0056510416666666,-0.4125,0.3916666666666666,0.0,1.0,0.0,0.0,0.0,1.0,1.0,0.0,0.0,0.0,0.0,0.0,0.0,MOVE_TO_CHAIR,real_media,mixkit_space_09.mp4,50,MOVE_TO_CHAIR,1,batch_move_recovery_20260507,mixed,media_labeled_20260503_194235.csv
1.0,0.0,0.0,0.0,0.0,0.0,0.5830638408660889,0.02255859375,0.65,0.5875,0.0,1.0,0.0,0.0,0.0,0.0,0.6905381083488464,0.01634765625,0.9125,0.8,1.0,0.0,0.0,0.0,0.0,0.0,0.5342361927032471,0.0047428385416666,0.596875,0.05,0.0,0.0,1.0,0.0,0.0,1.0,1.0,0.0,0.0,0.0,0.0,0.0,0.0,MOVE_TO_CHAIR,real_media,mixkit_table_07.mp4,216,MOVE_TO_CHAIR,1,batch_move_recovery_20260507,occlusion,media_labeled_batch_F_real.csv
1.0,0.0,0.0,0.0,0.0,0.0,0.7583487629890442,0.0211360677083333,-0.540625,0.1625,1.0,0.0,0.0,0.0,0.0,0.0,0.672347903251648,0.006142578125,0.165625,0.0041666666666666,1.0,0.0,0.0,0.0,0.0,0.0,0.6512904763221741,0.024375,0.628125,0.6375,1.0,0.0,0.0,0.0,0.0,0.0,1.0,0.0,0.0,0.0,0.0,0.0,0.0,MOVE_TO_CHAIR,real_media,mixkit_table_07.mp4,110,MOVE_TO_CHAIR,1,batch_move_recovery_20260507,mixed,media_labeled_20260503_194235.csv
1.0,0.0,0.0,0.0,0.0,0.0,0.4029519855976105,0.0052083333333333,-0.321875,-0.3291666666666666,1.0,0.0,0.0,0.0,0.0,0.0,0.3076645135879516,0.012890625,-0.34375,0.05,1.0,0.0,0.0,0.0,0.0,0.0,0.2752127051353454,0.0146484375,-0.475,0.05,1.0,0.0,0.0,0.0,0.0,0.0,1.0,0.0,0.0,0.0,0.0,0.0,0.0,MOVE_TO_CHAIR,real_media,mixkit_space_07.mp4,510,MOVE_TO_CHAIR,1,batch_move_recovery_20260507,low_light,media_labeled_20260503_195002.csv
0.0,1.0,0.0,0.0,0.0,0.0,0.6378321051597595,0.017578125,-0.3375,0.1625,0.0,1.0,0.0,0.0,0.0,0.0,0.5599730610847473,0.010546875,-0.453125,0.225,1.0,0.0,0.0,0.0,0.0,0.0,0.3625551164150238,0.0146744791666666,-0.484375,-0.0166666666666666,1.0,0.0,0.0,0.0,0.0,0.0,1.0,0.0,0.0,0.0,0.0,0.0,0.0,MOVE_TO_CHAIR,real_media,mixkit_space_07.mp4,290,MOVE_TO_CHAIR,1,batch_move_recovery_20260507,low_light,media_labeled_20260503_195002.csv
1.0,0.0,0.0,0.0,0.0,0.0,0.6181273460388184,0.0261588541666666,-0.525,0.0416666666666666,1.0,0.0,0.0,0.0,0.0,0.0,0.4232932031154632,0.0313151041666666,-0.721875,-0.1,1.0,0.0,0.0,0.0,0.0,0.0,0.4245109856128692,0.0046875,-0.315625,-0.3333333333333333,1.0,0.0,0.0,0.0,0.0,0.0,1.0,0.0,0.0,0.0,0.0,0.0,0.0,MOVE_TO_CHAIR,real_media,mixkit_space_07.mp4,380,MOVE_TO_CHAIR,1,batch_move_recovery_20260507,low_light,media_labeled_20260503_195002.csv
0.0,1.0,0.0,0.0,0.0,0.0,0.5508912801742554,0.04357421875,-0.553125,0.7083333333333334,0.0,0.0,0.0,0.0,0.0,1.0,0.3457216322422027,0.0807421875,-0.4125,0.6708333333333333,0.0,0.0,0.0,0.0,0.0,0.0,0.0,0.0,0.0,0.0,0.0,1.0,0.0,0.0,0.0,1.0,0.6666666666666666,0.0,0.0,0.0,0.0,0.0,0.0,MOVE_TO_CHAIR,real_media,mixkit_space_09.mp4,200,MOVE_TO_CHAIR,1,batch_move_recovery_20260507,mixed,media_labeled_20260503_194235.csv
1.0,0.0,0.0,0.0,0.0,0.0,0.7898675203323364,0.025703125,-0.49375,0.8,1.0,0.0,0.0,0.0,0.0,0.0,0.7595841884613037,0.0356380208333333,0.79375,0.6916666666666667,1.0,0.0,0.0,0.0,0.0,0.0,0.7258902192115784,0.024375,-0.259375,0.7958333333333333,0.0,1.0,0.0,0.0,0.0,1.0,1.0,0.0,0.0,0.0,0.0,0.0,0.0,MOVE_TO_CHAIR,real_media,mixkit_office_03.mp4,280,MOVE_TO_CHAIR,1,batch_move_recovery_20260507,low_light,media_labeled_20260503_195002.csv
1.0,0.0,0.0,0.0,0.0,0.0,0.6778615117073059,0.019013671875,-0.59375,-0.0625,1.0,0.0,0.0,0.0,0.0,0.0,0.6816943883895874,0.0124576822916666,-0.875,-0.1458333333333333,0.0,1.0,0.0,0.0,0.0,0.0,0.7508190274238586,0.016953125,0.11875,0.8208333333333333,0.0,0.0,1.0,0.0,0.0,1.0,1.0,0.0,0.0,0.0,0.0,0.0,0.0,MOVE_TO_CHAIR,real_media,mixkit_table_07.mp4,328,MOVE_TO_CHAIR,1,batch_move_recovery_20260507,occlusion,media_labeled_batch_F_real.csv
1.0,0.0,0.0,0.0,0.0,0.0,0.7223541140556335,0.00921875,-0.903125,-0.1916666666666666,1.0,0.0,0.0,0.0,0.0,0.0,0.6702365279197693,0.01392578125,-0.953125,0.1416666666666666,1.0,0.0,0.0,0.0,0.0,0.0,0.6412700414657593,0.017578125,0.9125,-0.0208333333333333,0.0,0.0,1.0,0.0,0.0,1.0,1.0,0.0,0.0,0.0,0.0,0.0,0.0,MOVE_TO_CHAIR,real_media,mixkit_space_01.mp4,40,MOVE_TO_CHAIR,1,batch_move_recovery_20260507,mixed,media_labeled_20260503_194235.csv
0.0,1.0,0.0,0.0,0.0,0.0,0.3292475044727325,0.1494791666666666,-0.65,0.5666666666666667,0.0,0.0,0.0,0.0,0.0,1.0,0.4625040590763092,0.0769759114583333,-0.65,0.775,0.0,0.0,0.0,0.0,0.0,1.0,0.4376331269741058,0.0717643229166666,-0.378125,0.6791666666666667,0.0,1.0,0.0,0.0,0.0,1.0,1.0,0.0,0.0,0.0,0.0,0.0,0.0,MOVE_TO_CHAIR,real_media,mixkit_space_09.mp4,20,MOVE_TO_CHAIR,1,batch_move_recovery_20260507,low_light,media_labeled_20260503_195002.csv
1.0,0.0,0.0,0.0,0.0,0.0,0.713883101940155,0.0157877604166666,-0.846875,-0.1583333333333333,1.0,0.0,0.0,0.0,0.0,0.0,0.6187642812728882,0.01625,0.8625,0.1333333333333333,1.0,0.0,0.0,0.0,0.0,0.0,0.5401443839073181,0.0156119791666666,-0.56875,-0.0583333333333333,0.0,0.0,1.0,0.0,0.0,1.0,1.0,0.0,0.0,0.0,0.0,0.0,0.0,MOVE_TO_CHAIR,real_media,mixkit_office_01.mp4,420,MOVE_TO_CHAIR,1,batch_move_recovery_20260507,mixed,media_labeled_20260503_194235.csv
1.0,0.0,0.0,0.0,0.0,0.0,0.6361629366874695,0.003974609375,0.159375,0.0416666666666666,1.0,0.0,0.0,0.0,0.0,0.0,0.5049240589141846,0.0198470052083333,0.640625,0.5708333333333333,0.0,1.0,0.0,0.0,0.0,0.0,0.653843343257904,0.0165494791666666,0.090625,0.825,0.0,0.0,1.0,0.0,0.0,1.0,1.0,0.0,0.0,0.0,0.0,0.0,0.0,MOVE_TO_CHAIR,real_media,mixkit_table_07.mp4,208,MOVE_TO_CHAIR,1,batch_move_recovery_20260507,,media_labeled_20260503_185451.csv
1.0,0.0,0.0,0.0,0.0,0.0,0.5805262923240662,0.0224609375,0.621875,0.625,1.0,0.0,0.0,0.0,0.0,0.0,0.4498434960842132,0.0209635416666666,0.121875,0.6208333333333333,1.0,0.0,0.0,0.0,0.0,0.0,0.4319973886013031,0.01072265625,-0.896875,-0.2,0.0,0.0,1.0,0.0,0.0,1.0,1.0,0.0,0.0,0.0,0.0,0.0,0.0,MOVE_TO_CHAIR,real_media,mixkit_table_07.mp4,72,MOVE_TO_CHAIR,1,batch_move_recovery_20260507,occlusion,media_labeled_batch_F_real.csv
1.0,0.0,0.0,0.0,0.0,0.0,0.5607943534851074,0.0150651041666666,-0.85625,-0.15,1.0,0.0,0.0,0.0,0.0,0.0,0.5468392968177795,0.024951171875,0.678125,0.5875,1.0,0.0,0.0,0.0,0.0,0.0,0.564148485660553,0.00615234375,0.578125,0.0541666666666666,0.0,0.0,1.0,0.0,0.0,1.0,1.0,0.0,0.0,0.0,0.0,0.0,0.0,MOVE_TO_CHAIR,real_media,mixkit_table_07.mp4,312,MOVE_TO_CHAIR,1,batch_move_recovery_20260507,occlusion,media_labeled_batch_F_real.csv
1.0,0.0,0.0,0.0,0.0,0.0,0.6034439206123352,0.014013671875,-0.60625,0.7416666666666667,1.0,0.0,0.0,0.0,0.0,0.0,0.5196061134338379,0.0069010416666666,-0.46875,-0.1125,1.0,0.0,0.0,0.0,0.0,0.0,0.489524245262146,0.01029296875,-0.715625,0.8,0.0,0.0,0.0,1.0,0.0,1.0,1.0,0.0,0.0,0.0,0.0,0.0,0.0,MOVE_TO_CHAIR,real_media,mixkit_space_07.mp4,360,MOVE_TO_CHAIR,1,batch_move_recovery_20260507,mixed,media_labeled_20260503_194235.csv
1.0,0.0,0.0,0.0,0.0,0.0,0.3661825358867645,0.00556640625,-0.08125,-0.2166666666666666,1.0,0.0,0.0,0.0,0.0,0.0,0.3266793191432953,0.0054427083333333,-0.4625,-0.0791666666666666,1.0,0.0,0.0,0.0,0.0,0.0,0.2876230180263519,0.0200423177083333,-0.14375,0.1291666666666666,1.0,0.0,0.0,0.0,0.0,0.0,1.0,0.0,0.0,0.0,0.0,0.0,0.0,MOVE_TO_CHAIR,real_media,mixkit_space_07.mp4,580,MOVE_TO_CHAIR,1,batch_move_recovery_20260507,mixed,media_labeled_20260503_194235.csv
1.0,0.0,0.0,0.0,0.0,0.0,0.7224961519241333,0.0146744791666666,-0.846875,-0.1666666666666666,1.0,0.0,0.0,0.0,0.0,0.0,0.6438828706741333,0.026953125,0.7125,0.5958333333333333,0.0,1.0,0.0,0.0,0.0,0.0,0.7561058402061462,0.0168033854166666,-0.115625,0.8083333333333333,0.0,0.0,1.0,0.0,0.0,1.0,1.0,0.0,0.0,0.0,0.0,0.0,0.0,MOVE_TO_CHAIR,real_media,mixkit_space_01.mp4,470,MOVE_TO_CHAIR,1,batch_move_recovery_20260507,low_light,media_labeled_20260503_195002.csv
1.0,0.0,0.0,0.0,0.0,0.0,0.853493332862854,0.0326953125,-0.621875,0.6125,1.0,0.0,0.0,0.0,0.0,0.0,0.7776804566383362,0.0135026041666666,-0.478125,0.8666666666666667,1.0,0.0,0.0,0.0,0.0,0.0,0.6722731590270996,0.020947265625,-0.3375,0.6791666666666667,1.0,0.0,0.0,0.0,0.0,0.0,1.0,0.0,0.0,0.0,0.0,0.0,0.0,MOVE_TO_CHAIR,real_media,mixkit_office_01.mp4,10,MOVE_TO_CHAIR,1,batch_move_recovery_20260507,mixed,media_labeled_20260503_194235.csv
0.0,1.0,0.0,0.0,0.0,0.0,0.6690195202827454,0.06244140625,-0.784375,0.4375,0.0,1.0,0.0,0.0,0.0,0.0,0.5659688711166382,0.0207356770833333,-0.68125,0.6291666666666667,0.0,1.0,0.0,0.0,0.0,0.0,0.566723644733429,0.0056510416666666,-0.4125,0.3916666666666666,0.0,1.0,0.0,0.0,0.0,1.0,1.0,0.0,0.0,0.0,0.0,0.0,0.0,MOVE_TO_CHAIR,real_media,mixkit_space_09.mp4,50,MOVE_TO_CHAIR,1,batch_move_recovery_20260507,low_light,media_labeled_20260503_195002.csv
1.0,0.0,0.0,0.0,0.0,0.0,0.8017860054969788,0.0227864583333333,-0.546875,0.5083333333333333,1.0,0.0,0.0,0.0,0.0,0.0,0.7412510514259338,0.0199153645833333,-0.30625,0.7208333333333333,1.0,0.0,0.0,0.0,0.0,0.0,0.6884437799453735,0.0171549479166666,-0.45,0.5958333333333333,0.0,0.0,0.0,1.0,0.0,1.0,1.0,0.0,0.0,0.0,0.0,0.0,0.0,MOVE_TO_CHAIR,real_media,mixkit_space_07.mp4,70,MOVE_TO_CHAIR,1,batch_move_recovery_20260507,low_light,media_labeled_20260503_195002.csv
1.0,0.0,0.0,0.0,0.0,0.0,0.5494614839553833,0.01357421875,0.95,0.0041666666666666,1.0,0.0,0.0,0.0,0.0,0.0,0.4588721692562103,0.004375,-0.321875,-0.3291666666666666,0.0,1.0,0.0,0.0,0.0,0.0,0.4690985679626465,0.01171875,-0.475,0.1583333333333333,0.0,0.0,1.0,0.0,0.0,1.0,1.0,0.0,0.0,0.0,0.0,0.0,0.0,MOVE_TO_CHAIR,real_media,mixkit_space_07.mp4,130,MOVE_TO_CHAIR,1,batch_move_recovery_20260507,mixed,media_labeled_20260503_194235.csv
1.0,0.0,0.0,0.0,0.0,0.0,0.6773319244384766,0.014794921875,0.2625,0.7833333333333333,1.0,0.0,0.0,0.0,0.0,0.0,0.6516220569610596,0.0257291666666666,0.64375,0.6416666666666667,1.0,0.0,0.0,0.0,0.0,0.0,0.617523193359375,0.0042057291666666,0.159375,0.0416666666666666,0.0,0.0,1.0,0.0,0.0,1.0,1.0,0.0,0.0,0.0,0.0,0.0,0.0,MOVE_TO_CHAIR,real_media,mixkit_table_07.mp4,144,MOVE_TO_CHAIR,1,batch_move_recovery_20260507,occlusion,media_labeled_batch_F_real.csv
1.0,0.0,0.0,0.0,0.0,0.0,0.3661825358867645,0.00556640625,-0.08125,-0.2166666666666666,1.0,0.0,0.0,0.0,0.0,0.0,0.3266793191432953,0.0054427083333333,-0.4625,-0.0791666666666666,1.0,0.0,0.0,0.0,0.0,0.0,0.2876230180263519,0.0200423177083333,-0.14375,0.1291666666666666,0.0,0.0,1.0,0.0,0.0,1.0,1.0,0.0,0.0,0.0,0.0,0.0,0.0,MOVE_TO_CHAIR,real_media,mixkit_space_07.mp4,580,MOVE_TO_CHAIR,1,batch_move_recovery_20260507,,media_labeled_20260502_145602.csv
